order_id,dna_to_order
gene_0,CAACGGTCATAAGTTTTCCGTGAGCGGCGAGGGTGAAGGTGACGCAACTTATGGTTGCCTGACGCTGAAGTTCATCTGTACTACTGGTAAACTGCCGGTACCTTGGCCGACTCTGGTAACGACGCTGAGCTATGGTGTTCAGTGCTTTAGCCGTTATCCGGACCACATGAAGCAGCATGACTTCTTCAAGTCCGCCATGCCGGAAGGCTATGTGCAGGAACGCACGATTTTTTTTAAGGATGACGGCAATTACAAAACGCGTGCGGAAGTGAAATTTGAAGGCGATACAGTCTCGACGAT
gene_1,CAACGGTCATAAGTTTTCCGTGAGCGGCGAGGGTGAAGGTGACGCAACTTATGGTAAACTGACGCTGAAGTTCGTGTGTACTACTGGTAAACTGCCGGTACCTTGGCCGACTCTGGTAACGACGCTGAGCTATGGTGTTAAATGCTTTGCGCGTTATCCGGACCACATGAAGCAGCATGACTTCTTCAAGTCCGCCATGCCGGAAGGCTATATTCAGGAACGCACGATTTTTTTTAAGGATGACGGCCAGTACAAAACGCGTGCGGAAGTGAAATTTGAAGGCGATACAGTCTCGACGAT
gene_2,CAACGGTCATAAGTTTTCCGTGAGCGGCGAGGGTGAAGGTGACGCAACTTATGGTAAACTGACGCTGAAGTTCATCTGTACTACTGGTAAACTGCCGGTACCTTGGCCGACTCTGGTAACGACGCTGTGCTATGGTGTTCAGTGCTTTGCGCGTTATCCGGACCACATGCGTCAGCATGACTTCTTCAAGTCCGCCATGCCGGAAGGCTATGTGCAGGAACGCACGATTTTTTTTAAGGATGACGGCAAATACAAAACGCGTGCGGAAGTGAAATTTGAAGGCGATACAGTCTCGACGAT
gene_3,CAACGGTCATAAGTTTTCCGTGAGCGGCGAGGGTGAAGGTGACGCAACTTATGGTAAACTGACGCTGAAGTTCATCTGTACTACTGGTAAACTGCCGGTACCTTGGCCGACTCTGGTAACGACGCTGACCTATGGTGTTATGTGCTTTAGCCGTTATCCGGACCACATGCGTCAGCATGACTTCTTCAAGTCCGCCATGCCGGAAGGCTATGTGCAGGAACGCACGATTTTTTTTAAGGATGACGGCAATTACAAAACGCGTGCGGAAGTGAAATTTGAAGGCGATACAGTCTCGACGAT
gene_4,CAACGGTCATAAGTTTTCCGTGAGCGGCGAGGGTGAAGGTGACGCAACTTATGGTAAACTGACGCTGAAGTTCATCTGTACTACTGGTAAACTGCCGGTACCTTGGCCGACTCTGGTAACGACGCTGACCTATGGTGTTCAGTGCTTTGCGCGTTATCCGGACCACATGAAGCAGCATGACTTCTTCAAGTCCGCCATGCCGGAAGGCTATGTGCAGGAACGCACGATTTTTTTTAAGGATGACGGCAATTACAAAACGCGTGCGGAAGTGAAATTTGAAGGCGATACAGTCTCGACGAT
gene_5,CAACGGTCATAAGTTTTCCGTGAGCGGCGAGGGTGATGGTGACGCAACTTATGGTAAACTGACGCTGAAGTTCATCTGTACTACTGGTAAACTGCCGGTACCTTGGCCGACTCTGGTAACGACGCTGACCTATGGTGTTCAGTGCTTTGCGCGTTATCCGGACCACATGAAGCGTCATGACTTCTTCAAGTCCGCCATGCCGGAAGGCTATGTGCAGGAACGCACGATTTTTTTTAAGGATGACGGCAATTACAAAACGCGTGCGGAAGTGAAATTTGAAGGCGATACAGTCTCGACGAT
gene_6,CAACGGTCATAAGTTTTCCGTGAGCGGCGAGGGTATTGGTGACGCAACTTATGGTAAACTGACGCTGAAGTTCATCTGTACTACTGGTAAACTGCCGGTACCTTGGCCGACTCTGGTAACGACGCTGTGCTATGGTGTTCAGTGCTTTAGCCGTTATCCGGACCACATGAAGAGCCATGACTTCTTCAAGTCCGCCATGCCGGAAGGCTATGTGCAGGAACGCACGATTTTTTTTAAGGATGACGGCAATTACAAAACGCGTGCGGAAGTGAAATTTGAAGGCGATACAGTCTCGACGAT
gene_7,CAACGGTCATAAGTTTTCCGTGAGCGGCGAGGGTGAAGGTGACGCAACTTATGGTAAACTGCAGCTGAAGTTCATCTGTACTACTGGTAAACTGCCGGTACCTTGGCCGACTCTGGTAACGACGCTGACCTATGGTGTTCAGTGCTTTAGCCGTTATCCGGACCACATGAAGAAACATGACTTCTTCAAGTCCGCCATGCCGGAAGGCTATGTGCAGGAACGCACGATTTTTTTTAAGGATGACGGCAATTACAAAACGCGTGCGGAAGTGAAATTTGAAGGCGATACAGTCTCGACGAT
gene_8,CAACGGTCATAAGTTTTCCGTGAGCGGCGAGGGTGAAGGTGACGCAACTATTGGTAAACTGACGCTGAAGTTCATCTGTACTACTGGTAAACTGCCGGTACCTTGGCCGACTCTGGTAACGACGCTGACCTATGGTGTTCAGTGCTTTAGCCGTTATCCGGACCACATGAAGCAGCATGACTTCTTCAAGTCCGCCATGCCGGAAGGCTATGTGCAGGAACGCACGATTTTTTTTAAGGATGACGGCAATTACCGTACGCGTGCGGAAGTGAAATTTGAAGGCGATACAGTCTCGACGAT
gene_9,CAACGGTCATAAGTTTTCCGTGAGCGGCGAGGGTGAAGGTGACGCAACTATGGGTAAACTGACGCTGAAGTTCATCTGTACTACTGGTAAACTGCCGGTACCTTGGCCGACTCTGGTAACGACGCTGACCTATGGTGTTCAGTGCTTTGCGCGTTATCCGGACCACCTGAAGCAGCATGACTTCTTCAAGTCCGCCATGCCGGAAGGCTATGTGCAGGAACGCACGATTTTTTTTCGTGATGACGGCAATTACAAAACGCGTGCGGAAGTGAAATTTGAAGGCGATACAGTCTCGACGAT
gene_10,CAACGGTCATAAGTTTTCCGTGAGCGGCGAGGGTGAAGGTGACGCAACTTATGGTAAACTGAGCGTGAAGTTCGTGTGTACTACTGGTAAACTGCCGGTACCTTGGCCGACTCTGGTAACGACGCTGACCTATGGTGTTCAGTGCTTTAGCCGTTATCCGGACCACATGAAGCAGCATGACTTCTTCAAGTCCGCCATGCCGGAAGGCTATGTGCAGGAACGCACGATTATGTTTCAGGATGACGGCAATTACAAAACGCGTGCGGAAGTGAAATTTGAAGGCGATACAGTCTCGACGAT
gene_11,CAACGGTCATAAGTTTTCCGTGAGCGGCGAGGGTGAAGGTGACGCAACTTATGGTAAACTGACGCTGAAGTTCATCTGTACTACTGGTAAACTGCCGGTACCTTGGCCGACTCTGGTAACGACGCTGACCTATGGTGTTCAGTGCTTTAGCAATTATCCGGACCACATGAAGCAGCATGACTTCTTCAAGTCCGCCATGCCGGAAGGCTATGTGCAGGAACGCACGATTTTTTTTAAGGATGACGGCAATTACAAAACGCGTGCGGAAGTGAAATTTGAAGGCGATACAGTCTCGACGAT
gene_12,CAACGGTCATAAGTTTTCCGTGAGCGGCGAGGGTGAAGGTGACGCAACTTATGGTAAACTGACGCTGAAGTTCATCTGTACTACTGGTAAACTGCCGGTACCTTGGCCGACTCTGGTAACGACGCTGTGCTATGGTGTTCAGTGCTTTAGCCGTTATCCGGACCACATGAAGAAACATGACTTCTTCAAGTCCGCCATGCCGGAAGGCTATGTGCAGGAACGCACGATTTTTTTTAAGGATGACGGCAATTACAAAACGCGTGCGGAAGTGAAATTTGAAGGCGATACAGTCTCGACGAT
gene_13,CAACGGTCATAAGTTTTCCGTGAAAGGCGAGGGTGAAGGTGACGCAACTTATGGTAAACTGACGCTGAAGTTCATCTGTACTACTGGTAAACTGCCGGTACCTTGGCCGACTCTGGTAACGACGCTGACCTATGGTGTTCAGTGCTTTAGCCGTTATCCGGACCACATGAAGCAGCATGACTTCTTCAAGTCCGCCATGCCGGAAGGCTATATTCAGGAACGCACGATTTTTTTTAAGGATGACGGCAATTACAAAACGCGTGCGGAAGTGAAATTTGAAGGCGATACAGTCTCGACGAT
gene_14,CAACGGTCATAAGTTTTCCGTGAGCGGCGAGGGTGAAGGTGACGCAACTCTGGGTAAACTGACGCTGAAGTTCATCTGTACTACTGGTAAACTGCCGGTACCTTGGCCGACTCTGATTACGAGCCTGGCGTATGGTGTTCAGTGCTTTGCGCGTTATCCGGACCACATGAAGCGTCATGACTTCTTCAAGTCCGCCATGCCGGAAGGCTATGTGCAGGAACGCACGATTTTTTTTAAGGATGACGGCAATTACAAAACGCGTGCGGAAGTGAAATTTGAAGGCGATACAGTCTCGACGAT
gene_15,CAACGGTCATAAGTTTTCCGTGAGCGGCGAGGGTGAAGGTGACGCAACTTATGGTAAACTGACGCTGAAGTTCATCTGTACTACTGGTAAACTGCCGGTACCTTGGCCGACTCTGGTAACGACGCTGACCTATGGTGTTCAGTGCTTTAGCCGTTATCCGGACCACATGAAGCAGCATGACTTCTTCAAGTCCGCCATGCCGGAAGGCTATGTGCAGGAACGCACGATTTTTTTTAAGGATGACGGCAATTACAAAACGCGTGCGGAAGTGAAATTTGAAGGCGATACAGTCTCGACGAT
gene_16,CAACGGTCATAAGTTTTCCGTGAGCGGCGAGGGTGAAGGTGACGCAACTCATGGTAAACTGACGATTAAGTTCATCTGTACTACTGGTAAACTGCCGGTACCTTGGCCGACTCTGGTAACGACGCTGACCTATGGTGTTCAGTGCTTTGCGCGTTATCCGGACCACATGAAGCAGCATGACTTCTTCAAGTCCGCCATGCCGGAAGGCTATGTGCAGGAACGCACGATTTTTTTTAAGGATGACGGCAATTACAAAACGCGTGCGGAAGTGAAATTTGAAGGCGATACAGTCTCGACGAT
gene_17,CAACGGTCATAAGTTTTCCGTGAGCGGCGAGGGTGAAGGTGACGCAACTATGGGTAAACTGACGCTGAAGTTCATCTGTACTACTGGTCAGCTGCCGGTACCTTGGCCGACTCTGGTAACGACGCTGACCTATGGTGTTCAGTGCTTTAGCCGTTATCCGGACCACATGAAGCGTCATGACTTCTTCAAGTCCGCCATGCCGGAAGGCTATATTCAGGAACGCACGATTTATTTTCATGATGACGGCAATTACAAAACGCGTGCGGAAGTGAAATTTGAAGGCGATACAGTCTCGACGAT
gene_18,CAACGGTCATAAGTTTTCCGTGAGCGGCGAGGGTGAAGGTGACGCAACTTATGGTAAACTGACGATGAAGTTCATCTGTACTACTGGTAAACTGCCGGTACCTTGGCCGACTCTGGTAACGACGCTGACCTATGGTGTTCAGTGCTTTAGCCGTTATCCGGACCACATGAAGAAACATGACTTCTTCAAGTCCGCCATGCCGGAAGGCTATGTGCAGGAACGCACGATTTTTTTTAAGGATGACGGCAATTACAAAACGCGTGCGGAAGTGAAATTTGAAGGCGATACAGTCTCGACGAT
gene_19,CAACGGTCATAAGTTTTCCGTGAGCGGCGAGGGTGAAGGTGACGCAACTTATGGTAAACTGACGCTGAAGTTCATCTGTACTACTGGTAAACTGCCGGTACCTTGGCCGACTCTGGTAACGACGCTGACCTATGGTGTTCAGTGCTTTAGCCGTTATCCGGACCACATGAAGCAGCATGACTTCTTCAAGTCCGCCATGCCGGAAGGCTATCTGCAGGAACGCACGATTTTTTTTGATGATGACGGCAATTTTAAAACGCGTGCGGAAGTGAAATTTGAAGGCGATACAGTCTCGACGAT
gene_20,CAACGGTCATAAGTTTTCCGTGAGCGGCGAGGGTGAAGGTGACGCAAGCTATGGTAAACTGACGCTGAAGTTCATCTGTACTACTGGTAAACTGCCGGTACCTTGGCCGACTCTGGTAACGACGCTGACCTATGGTGTTCAGTGCTTTAGCCATTATCCGGACCACATGAAGCGTCATGACTTCTTCAAGTCCGCCATGCCGGAAGGCTATGTGCAGGAACGCACGATTTTTTTTAAGGATGACGGCACCTACAAAACGCGTGCGGAAGTGAAATTTGAAGGCGATACAGTCTCGACGAT
gene_21,CAACGGTCATAAGTTTTCCGTGCAGGGCGAGGGTGAAGGTGACGCAACTTATGGTAAACTGACGCTGAAGTTCATCTGTACTACTGGTAAACTGCCGGTACCTTGGCCGACTCTGGTAACGACGCTGACCTATGGTGTTCAGTGCTTTAGCCGTTATCCGGACCACATGAAGCAGCATGACTTCTTCAAGTCCGCCATGCCGGAAGGCTATGTGCAGGAACGCACGATTTTTTTTAAGGATGACGGCAATTACAAAACGCGTGCGGAAGTGAAATTTGAAGGCGATACAGTCTCGACGAT
gene_22,CAACGGTCATAAGTTTTCCGTGAGCGGCGAGGGTGAAGGTGACGCAACTTATGGTAAACTGACGCTGAAGTTCATCTGTACTACTGGTGATCTGCCGGTACCTTGGCCGACTCTGGTAACGAGCCTGACCTATGGTGTTCAGTGCTTTAGCCGTTATCCGGACCACATGAAGCAGCATGACTTCTTCAAGTCCGCCATGCCGGAAGGCTATGTGCAGGAACGCACGATTTTTTTTAAGGATGACGGCAATTACAAAACGCGTGCGGAAGTGAAATTTGAAGGCGATACAGTCTCGACGAT
gene_23,CAACGGTCATAAGTTTTCCGTGAGCGGCGAGGGTGAAGGTGACGCAACTTATGGTAAACTGATGCTGAAGTTCATCTGTACTACTGGTGCGCTGCCGGTACCTTGGCCGACTCTGGTAACGACGCTGTGCTATGGTGTTCAGTGCTTTAGCCGTTATCCGGACCACATGAAGCAGCATGACTTCTTCAAGTCCGCCATGCCGGAAGGCTATGTGCAGGAACGCATTATTTTTTTTAAGGATGACGGCCAGTACAAAACGCGTGCGGAAGTGAAATTTGAAGGCGATACAGTCTCGACGAT
gene_24,CAACGGTCATAAGTTTTCCGTGAGCGGCGAGGGTGAAGGTGACGCAACTTATGGTAAACTGACGCTGAAGTTCATCTGTACTACTGGTAAACTGCCGGTACCTTGGCCGACTCTGGTAACGACGCTGTGCTATGGTGTTCAGTGCTTTAGCAATTATCCGGACCACATGAAGCAGCATGACTTCTTCAAGTCCGCCATGCCGGAAGGCTATATTCAGGAACGCACGATTTTTTTTAAGGATGACGGCAATTACAAAACGCGTGCGGAAGTGAAATTTGAAGGCGATACAGTCTCGACGAT
gene_25,CAACGGTCATAAGTTTTCCGTGAAAGGCGAGGGTGAAGGTGACGCAACTTATGGTAAACTGACGATGAAGTTCGTGTGTACTACTGGTAAACTGCCGGTACCTTGGCCGACTCTGGTAACGACGCTGACCTATGGTGTTCAGTGCTTTAGCCGTTATCCGGACCACATGAAGAAACATGACTTCTTCAAGTCCGCCATGCCGGAAGGCTATGTGCAGGAACGCACGATTTTTTTTAAGGATGACGGCAATTACAAAACGCGTGCGGAAGTGAAATTTGAAGGCGATACAGTCTCGACGAT
gene_26,CAACGGTCATAAGTTTTCCGTGAGCGGCGAGGGTGAAGGTGACGCAACTTATGGTAAACTGACGCTGAAGTTCATCTGTACTACTGGTAAACTGCCGGTACCTTGGCCGACTATGGTAACGACGCTGACCTATGGTGTTCAGTGCTTTAGCCGTTATCCGGACCACATGAAGCAGCATGACTTCTTCAAGTCCGCCATGCCGGAAGGCTATGTGCAGGAACGCACGATTTTTTTTCAGGATGACGGCAGCTACAAAACGCGTGCGGAAGTGAAATTTGAAGGCGATACAGTCTCGACGAT
gene_27,CAACGGTCATAAGTTTTCCGTGAGCGGCGAGGGTGAAGGTGACGCAACTTATGGTAAACTGACGCTGAAGTTCATCTGTACTACTGGTAAACTGCCGGTACCTTGGCCGACTCTGGTAACGACGCTGACCTATGGTGTTCAGTGCTTTAGCCGTTATCCGGACCACATGAAGCGTCATGACTTCTTCAAGTCCGCCATGCCGGAAGGCTATATGCAGGAACGCACGATTTTTTTTAAGGATGACGGCAGCTACCAGACGCGTGCGGAAGTGAAATTTGAAGGCGATACAGTCTCGACGAT
gene_28,CAACGGTCATAAGTTTTCCGTGAGCGGCGAGGGTGAAGGTGACGCAACTTATGGTAAACTGACGCTGAAGTTCATCTGTACTAGCGGTAAACTGCCGGTACCTTGGCCGACTCTGGTAACGACGCTGACCTATGGTGTTCAGTGCTTTAGCCGTTATCCGGACCACATGAAGCAGCATGACTTCTTCAAGTCCGCCATGCCGGAAGGCTATGTGCAGGAACGCACGATTTTTTTTCGTGATGACGGCAATTACAAAACGCGTGCGGAAGTGAAATTTGAAGGCGATACAGTCTCGACGAT
gene_29,CAACGGTCATAAGTTTTCCGTGAGCGGCGAGGGTGAAGGTGACGCAACTTATGGTAAACTGACGATTAAGTTCGTGTGTACTACTGGTAAACTGCCGGTACCTTGGCCGACTCTGGTAACGACGCTGTGCTATGGTGTTCAGTGCTTTAGCCGTTATCCGGACCACATGAAGCAGCATGACTTCTTCAAGTCCGCCATGCCGGAAGGCTATGTGCAGGAACGCTTTATTTATTTTAAGGATGACGGCAATTACCAGACGCGTGCGGAAGTGAAATTTGAAGGCGATACAGTCTCGACGAT
gene_30,CAACGGTCATAAGTTTTCCGTGAGCGGCGAGGGTGAAGGTGACGCAACTATGGGTAAACTGACGCTGAAGTTCATCTGTACTAGCGGTAAACTGCCGGTACCTTGGCCGACTCTGGTAACGACGCTGACCTATGGTGTTCAGTGCTTTAGCCGTTATCCGGACCACATGAAGCAGCATGACTGGTTCAAGTCCGCCATGCCGGAAGGCTATATGCAGGAACGCACGATTTTTTTTAAGGATGACGGCAATTACCAGACGCGTGCGGAAGTGAAATTTGAAGGCGATACAGTCTCGACGAT
gene_31,CAACGGTCATAAGTTTTCCGTGAGCGGCGAGGGTCAGGGTGACGCAACTTATGGTAAAATTAATATGAAGTTCATCTGTACTACTGGTAAACTGCCGGTACCTTGGCCGACTCTGGTAACGACGCTGGCGTATGGTGTTCAGTGCTTTAGCCGTTATCCGGACCACATGAAGCAGCATGACTTCTATAAGTCCGCCATGCCGGAAGGCTATGTGCAGGAACGCACGATTTATTTTCAGGATGACGGCCATTACAAAACGCGTGCGGAAGTGAAATTTGAAGGCGATACAGTCTCGACGAT
gene_32,CAACGGTCATAAGTTTTCCGTGAGCGGCGAGGGTGAAGGTGACGCAACTTATGGTAAACTGAGCCTGAAGTTCATCTGTACTACTGGTAAACTGCCGGTACCTTGGCCGACTCTGGTAACGACGCTGGGCTATGGTGTTCAGTGCTTTGCGCGTTATCCGGACCACATGAAGCAGCATGACTTCTTCAAGTCCGCCATGCCGGAAGGCTATGTGCAGGAACGCACGATTTATTTTCGTGATGACGGCAATTACAAAACGCGTGCGGAAGTGAAATTTGAAGGCGATACAGTCTCGACGAT
gene_33,CAACGGTCATAAGTTTTCCGTGAGCGGCGAGGGTGTGGGTGACGCAACTTATGGTAAACTGACGCTGAAGTTCGTGTGTACTACTGGTCGTCTGCCGGTACCTTGGCCGACTCTGGTAACGACGCTGATGTATGGTGTTCAGTGCTTTGCGCGTTATCCGGACCACATGAAGAGCCATGACTTCTTCAAGTCCGCCATGCCGGAAGGCTATGTGCAGGAACGCACGATTTTTTTTAAGGATGACGGCAATTACAAAACGCGTGCGGAAGTGAAATTTGAAGGCGATACAGTCTCGACGAT
gene_34,CAACGGTCATAAGTTTTCCGTGAGCGGCGAGGGTGAAGGTGACGCAACTTATGGTAAAATGACGCTGAAGTTCATCTGTACTACTGGTAAACTGCCGGTACCTTGGCCGACTCTGGTAACGACGCTGGGCTATGGTGTTCAGTGCTTTAGCCGTTATCCGGACCACATGAAGCAGCATGACTTCTATAAGTCCGCCATGCCGGAAGGCTATGTGCAGGAACGCACGATTATGTTTAAGGATGACGGCACCTACAAAACGCGTGCGGAAGTGAAATTTGAAGGCGATACAGTCTCGACGAT
gene_35,CAACGGTCATAAGTTTTCCGTGAGCGGCGAGGGTGAAGGTGACGCAACTTATGGTAAAATTACGCTGAAGTTCATCTGTACTACTGGTAAACTGCCGGTACCTTGGCCGACTCTGGTAACGACGCTGACCTATGGTGTTCAGTGCTTTAGCCGTTATCCGGACCACATGAAGCGTCATGACTTCTTCAAGTCCGCCATGCCGGAAGGCTATATTCAGGAACGCACGATTTTTTTTCGTGATGACGGCAATTACCAGACGCGTGCGGAAGTGAAATTTGAAGGCGATACAGTCTCGACGAT
gene_36,CAACGGTCATAAGTTTTCCGTGAAAGGCGAGGGTGAAGGTGACTGCAGCTATGGTAAACTGGTGCTGAAGTTCATCTGTACTACTGGTAAACTGCCGGTACCTTGGCCGACTCTGGTAACGACGCTGAGCTATGGTGTTCAGTGCTTTGCGCATTATCCGGACCACATGACCAAACATGACTTCTTCAAGTCCGCCATGCCGGAAGGCTATGTGCAGGAACGCACGGTGTATTTTCATGATGACGGCAATTACAAAACGCGTGCGGAAGTGAAATTTGAAGGCGATACAGTCTCGACGAT
gene_37,CAACGGTCATAAGTTTTCCGTGACCGGCCGTGGTGAAGGTGACGCAGCGTATGGTAAACTGACGCTGAAGTTCATCTGTACTACTGGTAAACTGCCGGTACCTTGGCCGAGCCTGGTAACGACGCTGAGCTATGGTGTTCAGTGCTTTGCGCGTTATCCGGACCACCTGAAGAAACATGACTTCTTCAAGTCCGCCATGCCGGAAGGCTATGTGCAGGAACGCACGATTCATTTTAAGGATGACGGCAATTACAAAACGCGTGCGGAAGTGAAATTTGAAGGCGATACAGTCTCGACGAT
gene_38,CAACGGTCATAAGTTTTCCGTGAGCGGCAAAGGTGAAGGTGACGCAACTTATGGTAAACTGACGCTGAAGTTCATCTGTACTACTGGTAAACTGCCGGTACCTTGGCCGACTCTGGTAACGACGCTGGCGTATGGTATGACCTGCTTTACCCGTTATCCGGACAATATGAAGCAGCATGACTTCTTCAAGTCCGCCATGCCGGAAGGCTATATTCAGGAACGCACGATTATGTTTAAGGATGACGGCAATTACAAAACGCGTGCGGAAGTGAAATTTGAAGGCGATACAGTCTCGACGAT
gene_39,CAACGGTCATAAGTTTTCCGTGAGCGGCATGGGTGAAGGTGACGCAACTTATGGTAAAATGACGCTGAAGTTCATCTGTACTACTGGTAAACTGCCGGTACCTTGGCCGACTCTGGTAACGACGCTGGGCTATGGTGTTGCGTGCTTTAGCCGTTATCCGGACCACATGAAGCAGCATGACTTCTTCAAGTCCGCCATGCCGGAAGGCTATGTGCAGGAACGCGTGATTTATTTTCGTGATGACGGCAATTACCAGACGCGTGCGGAAGTGAAATTTGAAGGCGATACAGTCTCGACGAT
gene_40,CAACGGTCATAAGTTTTCCGTGAGCGGCGAGGGTCAGGGTGACGCAACTGCGGGTCGTATGACGCTGAAGTTCATCTGTACTACTGGTAAACTGCCGGTACCTTGGCCGACTCTGGTAACGACGCTGACCTATGGTGTTCAGTGCTTTAGCCGTTATCCGGACCACATGAAGCAGCATGACTTCTATAAGTCCGCCATGCCGGAAGGCTATGTGCAGGAACGCACGATTTTTTTTCGTGATGACGGCAATTTTCGTACGCGTGCGGAAGTGAAATTTGAAGGCGATACAGTCTCGACGAT
gene_41,CAACGGTCATAAGTTTTCCGTGAGCGGCGAGGGTCAGGGTGACGCAACTTATGGTAAACTGACGCTGAAGTTCATCTGTACTACTGGTAAACTGCCGGTACCTTGGCCGACTCTGGTAACGACGCTGGCGTATGGTGTTCAGTGCTTTAGCCGTTATCCGGAACACCTGCGTCAGCATGACTTCTTCAAGTCCGCCATGCCGGAAGGCTATGTGCAGGAACGCACGGTGCATTTTCGTGATGACGGCAATTACCGTACGCGTGCGGAAGTGAAATTTGAAGGCGATACAGTCTCGACGAT
gene_42,CAACGGTCATAAGTTTTCCGTGAGCGGCGAGGGTGAAGGTGAAGCAACTTATGGTCGTCTGACGATTAAGTTCATCTGTACTACTGGTAAACTGCCGGTACCTTGGCCGACTCTGATTACGACGCTGAGCTATGGTGTTATGTGCTTTGCGCGTTATCCGGACCACTTTAAGCAGCATGACTTCTTCAAGTCCGCCATGCCGGAAGGCTATGTGCAGGAACGCACGATTTTTTTTGAAGATGACGGCACCTACCAGACGCGTGCGGAAGTGAAATTTGAAGGCGATACAGTCTCGACGAT
gene_43,CAACGGTCATAAGTTTTCCGTGAGCGGCGAGGGTGAAGGTGACGCAACTATGGGTAAACTGACGATGAAGTTCATCTGTACTACTGGTAAACTGCCGGTACCTTGGCCGAGCCTGGTAACGACGCTGGCGTATGGTGTTCAGTGCTTTAGCCGTTATCCGGACCACATGCGTCAGCATGACTTCTTCAAGTCCACCATGCCGGAAGGCTATGTGCAGGAACGCAGCATTTTTTTTCGTGATGACGGCAATTACAAAACGCGTGCGGAAGTGAAATTTGAAGGCGATACAGTCTCGACGAT
gene_44,CAACGGTCATAAGTTTTCCGTGAGCGGCGAGGGTGAAGGTGACGCAACTCAGGGTAAACTGAGCCTGAAGTTCATCTGTACTACTGGTGATCTGCCGGTACCTTGGCCGACTCTGGTAACGACGCTGAGCTATGGTGTTCAGTGCTTTAGCCGTTATCCGGACCACATGAAGCATCAGGACTTCTTCAAGTCCGCCATGCCGGAAGGCTATGTGCAGGAACGCACGATTAGCTTTGATGATGACGGCTGCTACAAAACGCGTGCGGAAGTGAAATTTGAAGGCGATACAGTCTCGACGAT
gene_45,CAACGGTCATAAGTTTTCCGTGAGCGGCGAGGGTGAAGGTGACGCAACTTATGGTAAAATTACGCTGAAGTTCATCTGTACTACTGGTCAGCTGCCGGTACCTTGGCCGACTCTGGTAACGACGCTGGCGTATGGTGTTCAGTGCTTTAGCCGTTATCCGGACCACATGAAGAAACATGACTATTTCAAGTCCGCCATGCCGGAAGGCTATGTGCAGGAACGCATGATTTATTTTAAGGATGACGGCAATTACCGTACGCGTGCGGAAGTGAAATTTGAAGGCGATACAGTCTCGACGAT
gene_46,CAACGGTCATAAGTTTTCCGTGAGCGGCGAGGGTGAAGGTGACGCAACTTATGGTAAAATTACGCTGAAGTTCATCTGTAGCACTGGTAAACTGCCGATTCCTTGGCCGACTCTGGTAAGCACGCTGAGCTATGGTGTTATGTGCTTTACCCGTTATCCGGACCACATGAAGCGTCATGACTTCTTCAAGTCCGCCATGCCGGAAGGCTATGTGCAGGAACGCACGATTATGTTTAAGGATGACGGCAATTACAAAACGCGTGCGGAAGTGAAATTTGAAGGCGATACAGTCTCGACGAT
gene_47,CAACGGTCATAAGTTTTCCGTGAGCGGCGAGGGTGAAGGTGACGCAACTTATGGTAAACTGAATCTGAAGTTCATCTGTACTACTGGTAAAATGCCGGTACCTTGGCCGACTCTGGTAAGCACGCTGGCGTATGGTATGCAGTGCTTTAGCCGTTATCCGGACCACCTGAAGCAGCATGACTTCTTCAAGGGCGCCATGCCGGAAGGCTATGTGCAGAAACGCACGATTTATTTTCGTGATGACGGCCGTTACAAAACGCGTGCGGAAGTGAAATTTGAAGGCGATACAGTCTCGACGAT
gene_48,CAACGGTCATAAGTTTTCCGTGAGCGGCGAGGGTGAAGGTGACGCAACTTATGGTAAACTGAATCTGAAGTTCATCTGTACTACTGGTCGTCTGCCGGTACCTTGGCCGACTCTGGTAACGACGCTGTGCTATGGTATGCAGTGCTTTAGCCGTTATCCGGACCACATGAAGCAGCATGACTTCTTCAAGTCCGCCATGCCGGAAGGCTATGTGCAGCAGCGCACGATTTTTTTTCGTGATGACGGCCGTTACCGTACGAAAGCGGAAGTGAAATTTGAAGGCGATACAGTCTCGACGAT
gene_49,CAACGGTCATAAGTTTTCCGTGAGCGGCGAGGGTGAAGGTGACGCAACTTATGGTAAACTGACGATGAAGTTCATCTGTACTAGCGGTAAACTGCCGGTACCTTGGCCGACTCTGGTAACGACGCTGACCTATGGTGTTCAGTGCTTTAGCCGTTATCCGGACCACATGCGTAAACATGACTTCTATAAGTCCGCCATGCCGGAAGGCTATGTGCAGGAACGCACGGTGTATTTTCAGGATGACGGCAATTACAAAACGCGTGCGGAAGTGAAATTTGAAGGCGATACAGTCTCGACGAT
gene_50,CAACGGTCATAAGTTTTCCGTGAGCGGCGAGGGTGAAGGTGACGCAACTTATGGTAAACTGACGCTGAAGTTCATCTGTACTACTGGTCAGCTGCCGGTACCTTGGCCGACTCTGGTAACGACGCTGGCGTATGGTGTTCAGTGCTTTAGCCGTTATCCGGACCACATGAAGCAGCATGACTTCTTCAAGACCGCCATGCCGGAAGGCTATGTGCAGGAACGCTATATTAGCTTTGCGGATGACGGCCATTTTAAAACGCGTGCGGAAGTGAAATTTGAAGGCGATACAGTCTCGACGAT
gene_51,CAACGGTCATAAGTTTTCCGTGAGCGGCGAGGGTGAAGGTGACGCAACTTATGGTAAACTGACGCTGAAGTTCATCTGTAGCACTGGTCGTCTGCCGGTACCTTGGCCGACTCTGGTAACGACGCTGGCGTATGGTGTTCAGTGCTTTGCGCGTTATCCGGACCACCTGAAGCAGCATGACTTCTTCAAGGATGCCATGCCGGAAGGCTATGTGCAGCAGCGCACGATTGTGTTTAAGGATGACGGCAATTTTAAAACGCGTGCGGAAGTGAAATTTGAAGGCGATACAGTCTCGACGAT
gene_52,CAACGGTCATAAGTTTTCCGTGAGCGGCGAGGGTGAAGGTGACGCAACTTATGGTGCGCTGACGCTGAAGTTCATCTGTACTACTGGTAAACTGCCGGTACCTTGGCCGAGCCTGATTACGACGCTGGCGTATGGTGTTCAGTGCTTTACCCGTTATCCGGACCACATGAAGCAGCATGACTTCTTCAAGTCCGCCATGCCGGAAGGCTATGTGCAGGAACGCACGGTGATGTTTCAGGATGACGGCAATTACAAAACGCGTGCGGAAGTGAAATTTGAAGGCGATACAGTCTCGACGAT
gene_53,CAACGGTCATAAGTTTTCCGTGAGCGGCGAGGGTGAAGGTGACGCAACTTATGGTGCGCTGACGCTGAAGTTCATCTGTACTACTGGTAAACTGCCGGTACCTTGGCCGAGCCTGGTAACGACGCTGAGCTATGGTGTTCAGTGCTTTGCGCGTTATCCGGACCACATGAAGCGTCATGACTTCTTCAAGTCCGCCATGCCGGAAGGCTATGTGCAGGAACGCACGGTGTATTTTAAGGATGACGGCACCTTTAAAACGAAAGCGGAAGTGAAATTTGAAGGCGATACAGTCTCGACGAT
gene_54,CAACGGTCATAAGTTTTCCGTGAGCGGCGAGGGTGAAGGTGACGCAACTTATGGTGCGCTGACGCTGAAGTTCATCTGTACTAGCGGTGCGCTGCCGGTACCTTGGCCGACTCTGGTAACGACGCTGGTGTATGGTGTTCAGTGCTTTGCGCGTTATCCGGACCACATGAAGCAGCATGACTTCTTCAAGTCCGCCATGCCGGAAGGCTATGTGCAGCAGCGCACGATTTATTTTCATGATGACGGCAATTTTCAGACGCGTGCGGAAGTGAAATTTGAAGGCGATACAGTCTCGACGAT
gene_55,CAACGGTCATAAGTTTTCCGTGAGCGGCGAGGGTGAAGGTGACGCAACTTTTGGTAAACTGACGCTGAAGTTCATCTGTACTACTGGTAAACTGCCGGTACCTTGGCCGACTCTGGTAACGACGCTGAGCTATGGTGTTAAATGCTTTACCCGTTATCCGGACCACATGAAGAAACATGACTTCTTCAAGTCCGCCATGCCGGAAGGCTATGTGCAGGAACGCATGATTTATTTTCGTGAAGACGGCCATTACCGTACGCGTGCGGAAGTGAAATTTGAAGGCGATACAGTCTCGACGAT
gene_56,CAACGGTCATAAGTTTTCCGTGAGCGGCGTGGGTGAAGGTGACGCAACTTATGGTAAACTGACGCTGAAGTTCATCTGTACTAGCGGTAAACTGCCGGTACCTTGGCCGACTATGGTAACGACGCTGAGCTATGGTGTTCTGTGCTTTAGCCGTTATCCGGACCACATGAAGCAGCATGACTGGTTCAAGTCCGCCATGCCGGAAGGCTATATTCAGGAACGCACGATTCAGTTTAAGGATGACGGCGATTACAAAACGCGTGCGGAAGTGAAATTTGAAGGCGATACAGTCTCGACGAT
gene_57,CAACGGTCATAAGTTTTCCGTGCAGGGCAAAGGTGAAGGTGACGCAAGCTATGGTAAACTGACGCTGAAGTTCATCTGTACTACTGGTAAACTGCCGGTACCTTGGCCGACTCTGGTAACGACGCTGGTGTATGGTGTTCAGTGCTTTACCCGTTATCCGGACCACATGAAGCAGCATGACTTCTTCAAGTCCGCCATGCCGGAAGGCTATGTGCAGGAACGCACGATTTATTATAAGGATGACGGCCATTACAAAACGCGTGCGGAAGTGAAATTTGAAGGCGATACAGTCTCGACGAT
gene_58,CAACGGTCATAAGTTTTCCGTGCAGGGCGAGGGTGAAGGTGACGCAACTTATGGTAAACTGCAGATTAAGTTCATCTGTACTAGCGGTAAACTGCCGGTACCTTGGCCGAGCCTGGTAACGACGCTGGCGTATGGTGTTCAGTGCTTTAGCCGTTATCCGGACAATCTGAAGCAGCATGACTTCTTCAAGTCCGCCATGCCGGAAGGCTATGTGCAGGAACGCACGATTTTTTTTAAGGATGACGGCAATTACAAAACGAAAGCGGAAGTGAAATTTGAAGGCGATACAGTCTCGACGAT
gene_59,CAACGGTCATAAGTTTTCCGTGCAGGGCGAGGGTGTGGGTGACGCAAGCTATGGTCGTCTGACGCTGAAGTTCATCTGTACTACTGGTAAACTGCCGGTACCTTGGCCGACTCTGGTAACGACGATGGCGTATGGTGTTCAGTGCTTTAGCCGTTATCCGGACCACATGAAGCAGCATGACTTCTTCAAGTCCGCCATGCCGGAAGGCTATGTGCAGGAACGCACGATTTATTTTCGTGATGACGGCAATTACAAAACGAAAGCGGAAGTGAAATTTGAAGGCGATACAGTCTCGACGAT
gene_60,CAACGGTCATAAGTTTTCCGTGAGCGGCGAGGGTGAAGGTGACGCAACTTATGGTAAACTGACGCTGAAGTTCATCTGTACTACTGGTAAACTGCCGGTACCTTGGCCGACTCTGGTAACGACGTTTGGCTATGGTGTTCAGTGCTTTAGCCGTTATCCGGACCACATGAAGCGTCATGACTTCTTCAAGTCCGCCATGCCGGAAGGCTATGTGCAGGAACGCACGATTTTTTTTAAGGATGACGGCAATTACAAAACGCGTGCGGAAGTGAAATTTGAAGGCGATACAGTCTCGACGAT
gene_61,CAACGGTCATAAGTTTTCCGTGAGCGGCGAGGGTGAAGGTGACGCAACTTATGGTAAACTGACGCTGAAGTTCATCTGTACTACTGGTAAACTGCCGGTACCTTGGCCGACTCTGGTAACGACGTTTACCTATGGTGTTCAGTGCTTTGCGCGTTATCCGGACCACATGAAGCGTCATGACTTCTTCAAGTCCGCCATGCCGGAAGGCTATGTGCAGGAACGCACGATTTTTTTTAAGGATGACGGCAATTACAAAACGCGTGCGGAAGTGAAATTTGAAGGCGATACAGTCTCGACGAT
gene_62,CAACGGTCATAAGTTTTCCGTGAGCGGCGAGGGTGAAGGTGACGCAACTTATGGTAAACTGACGCTGAAGTTCATCTGTACTACTGGTAAACTGCCGGTACCTTGGCCGACTCTGGTAACGACGTTTGGCTATGGTGTTCAGTGCTTTGCGCGTTATCCGGACCACATGAAGCGTCATGACTTCTTCAAGTCCGCCATGCCGGAAGGCTATGTGCAGGAACGCACGATTTTTTTTAAGGATGACGGCAATTACAAAACGCGTGCGGAAGTGAAATTTGAAGGCGATACAGTCTCGACGAT
gene_63,CAACGGTCATAAGTTTTCCGTGAGCGGCGAGGGTGAAGGTGACGCAACTTATGGTAAACTGACGCTGAAGTTCATCTGTACTACTGGTAAACTGCCGGTACCTTGGCCGACTCTGGTAACGACGTTTAGCTATGGTGTTCAGTGCTTTGCGCGTTATCCGGACCACATGAAGCGTCATGACTTCTTCAAGTCCGCCATGCCGGAAGGCTATGTGCAGGAACGCACGATTTTTTTTAAGGATGACGGCAATTACAAAACGCGTGCGGAAGTGAAATTTGAAGGCGATACAGTCTCGACGAT
gene_64,CAACGGTCATAAGTTTTCCGTGAGCGGCGAGGGTGAAGGTGACGCAACTTATGGTAAACTGACGCTGAAGTTCATCTGTACTACTGGTAAACTGCCGGTACCTTGGCCGACTCTGGTAACGACGTTTAGCTATGGTGTTCAGTGCTTTAGCCGTTATCCGGACCACATGAAGCGTCATGACTTCTTCAAGTCCGCCATGCCGGAAGGCTATGTGCAGGAACGCACGATTTTTTTTAAGGATGACGGCAATTACAAAACGCGTGCGGAAGTGAAATTTGAAGGCGATACAGTCTCGACGAT
gene_65,CAACGGTCATAAGTTTTCCGTGAGCGGCGAGGGTGAAGGTGACGCAACTTATGGTAAACTGACGCTGAAGTTCATCTGTACTACTGGTAAACTGCCGGTACCTTGGCCGACTCTGGTAACGACGTTTGGCTATGGTATTCAGTGCTTTGCGCGTTATCCGGACCACATGAAGCGTCATGACTTCTTCAAGTCCGCCATGCCGGAAGGCTATGTGCAGGAACGCACGATTTTTTTTAAGGATGACGGCAATTACAAAACGCGTGCGGAAGTGAAATTTGAAGGCGATACAGTCTCGACGAT
gene_66,CAACGGTCATAAGTTTTCCGTGAGCGGCGAGGGTGAAGGTGACGCAACTTATGGTAAACTGACGCTGAAGTTCATCTGTACTACTGGTAAACTGCCGGTACCTTGGCCGACTCTGGTAACGACGCTGAGCTATGGTGTTCAGTGCTTTGCGCGTTATCCGGACCACATGAAGCGTCATGACTTCTTCAAGTCCGCCATGCCGGAAGGCTATGTGCAGGAACGCACGATTTTTTTTAAGGATGACGGCAATTACAAAACGCGTGCGGAAGTGAAATTTGAAGGCGATACAGTCTCGACGAT
gene_67,CAACGGTCATAAGTTTTCCGTGAGCGGCGAGGGTGAAGGTGACGCAACTTATGGTAAACTGACGCTGAAGTTCATCTGTACTACTGGTAAACTGCCGGTACCTTGGCCGACTCTGGTAACGACGTTTGGCTATGGTGTTCAGTGCTTTGCGCGTTATCCGGACCACATGCGTCGTCATGACTTCTTCAAGTCCGCCATGCCGGAAGGCTATGTGCAGGAACGCACGATTTTTTTTAAGGATGACGGCAATTACAAAACGCGTGCGGAAGTGAAATTTGAAGGCGATACAGTCTCGACGAT
gene_68,CAACGGTCATAAGTTTTCCGTGAGCGGCGAGGGTGAAGGTGACGCAACTTATGGTAAACTGACGCTGAAGTTCATCTGTACTACTGGTAAACTGCCGGTACCTTGGCCGACTCTGGTAACGACGTTTGCGTATGGTGTTCAGTGCTTTGCGCGTTATCCGGACCACATGAAGCGTCATGACTTCTTCAAGTCCGCCATGCCGGAAGGCTATGTGCAGGAACGCACGATTTTTTTTAAGGATGACGGCAATTACAAAACGCGTGCGGAAGTGAAATTTGAAGGCGATACAGTCTCGACGAT
gene_69,CAACGGTCATAAGTTTTCCGTGAGCGGCGAGGGTGAAGGTGACGCAACTTATGGTAAACTGACGCTGAAGTTCATCTGTACTACTGGTAAACTGCCGGTACCTTGGCCGACTCTGGTAACGACGTTTGGCTATGGTCTGCAGTGCTTTGCGCGTTATCCGGACCACATGAAGCGTCATGACTTCTTCAAGTCCGCCATGCCGGAAGGCTATGTGCAGGAACGCACGATTTTTTTTAAGGATGACGGCAATTACAAAACGCGTGCGGAAGTGAAATTTGAAGGCGATACAGTCTCGACGAT
gene_70,CAACGGTCATAAGTTTTCCGTGAGCGGCGAGGGTGAAGGTGACGCAACTTATGGTAAACTGACGCTGAAGTTCATCTGTACTACTGGTAAACTGCCGGTACCTTGGCCGACTCTGGTAACGACGTTTACCTATGGTGTTCAGTGCTTTAGCCGTTATCCGGACCACATGAAGCGTCATGACTTCTTCAAGTCCGCCATGCCGGAAGGCTATGTGCAGGAACGCACGATTTTTTTTAAGGATGACGGCAATTACAAAACGCGTGCGGAAGTGAAATTTGAAGGCGATACAGTCTCGACGAT
gene_71,CAACGGTCATAAGTTTTCCGTGAGCGGCGAGGGTGAAGGTGACGCAACTTATGGTAAACTGACGCTGAAGTTCATCTGTACTACTGGTAAACTGCCGGTACCTTGGCCGACTCTGGTAACGACGCTGAGCTATGGTGTTCAGTGCTTTGCGCGTTATCCGGACCACATGAAGCAGCATGACTTCTTCAAGTCCGCCATGCCGGAAGGCTATGTGCAGGAACGCACGATTTTTTTTAAGGATGACGGCAATTACAAAACGCGTGCGGAAGTGAAATTTGAAGGCGATACAGTCTCGACGAT
gene_72,CAACGGTCATAAGTTTTCCGTGAGCGGCGAGGGTGAAGGTGACGCAACTTATGGTAAACTGACGCTGAAGTTCATCTGTACTACTGGTAAACTGCCGGTACCTTGGCCGACTCTGGTAACGACGCTGAGCTATGGTGTTCAGTGCTTTAGCCGTTATCCGGACCACATGAAGCAGCATGACTTCTTCAAGTCCGCCATGCCGGAAGGCTATGTGCAGGAACGCACGATTTTTTTTAAGGATGACGGCAATTACAAAACGCGTGCGGAAGTGAAATTTGAAGGCGATACAGTCTCGACGAT
gene_73,CAACGGTCATAAGTTTTCCGTGAGCGGCGAGGGTGAAGGTGACGCAACTTATGGTAAACTGACGCTGAAGTTCATCTGTACTACTGGTAAACTGCCGGTACCTTGGCCGACTCTGGTAACGACGTTTAGCTATGGTGTTCAGTGCTTTAGCCGTTATCCGGACCACATGAAGCAGCATGACTTCTTCAAGTCCGCCATGCCGGAAGGCTATGTGCAGGAACGCACGATTTTTTTTAAGGATGACGGCAATTACAAAACGCGTGCGGAAGTGAAATTTGAAGGCGATACAGTCTCGACGAT
gene_74,CAACGGTCATAAGTTTTCCGTGAGCGGCGAGGGTGAAGGTGACGCAACTTATGGTAAACTGACGCTGAAGTTCATCTGTACTACTGGTAAACTGCCGGTACCTTGGCCGACTCTGGTAACGACGTTTAGCTATGGTGTTCAGTGCTTTGCGCGTTATCCGGACCACATGAAGCAGCATGACTTCTTCAAGTCCGCCATGCCGGAAGGCTATGTGCAGGAACGCACGATTTTTTTTAAGGATGACGGCAATTACAAAACGCGTGCGGAAGTGAAATTTGAAGGCGATACAGTCTCGACGAT
gene_75,CAACGGTCATAAGTTTTCCGTGAGCGGCGAGGGTGAAGGTGACGCAACTTATGGTAAACTGACGCTGAAGTTCATCTGTACTACTGGTAAACTGCCGGTACCTTGGCCGACTCTGGTAACGACGCTGGGCTATGGTGTTCAGTGCTTTGCGCGTTATCCGGACCACATGAAGCAGCATGACTTCTTCAAGTCCGCCATGCCGGAAGGCTATGTGCAGGAACGCACGATTTTTTTTAAGGATGACGGCAATTACAAAACGCGTGCGGAAGTGAAATTTGAAGGCGATACAGTCTCGACGAT
gene_76,CAACGGTCATAAGTTTTCCGTGAGCGGCGAGGGTGAAGGTGACGCAACTTATGGTAAACTGACGCTGAAGTTCATCTGTACTACTGGTAAACTGCCGGTACCTTGGCCGACTCTGGTAACGACGCTGGGCTATGGTGTTCAGTGCTTTAGCCGTTATCCGGACCACATGAAGCAGCATGACTTCTTCAAGTCCGCCATGCCGGAAGGCTATGTGCAGGAACGCACGATTTTTTTTAAGGATGACGGCAATTACAAAACGCGTGCGGAAGTGAAATTTGAAGGCGATACAGTCTCGACGAT
