Name,Insert length,Construct length (Insert + Adapters),Insert sequence,Construct sequence (Insert + Adapters),Well Location,Yield,Assembly QC,Yield (ng),Product type,Plate ID
gene_0,300,343,CAACGGTCATAAGTTTTCCGTGAGCGGCGAGGGTGAAGGTGACGCAACTTATGGTTGCCTGACGCTGAAGTTCATCTGTACTACTGGTAAACTGCCGGTACCTTGGCCGACTCTGGTAACGACGCTGAGCTATGGTGTTCAGTGCTTTAGCCGTTATCCGGACCACATGAAGCAGCATGACTTCTTCAAGTCCGCCATGCCGGAAGGCTATGTGCAGGAACGCACGATTTTTTTTAAGGATGACGGCAATTACAAAACGCGTGCGGAAGTGAAATTTGAAGGCGATACAGTCTCGACGAT,GAAGTGCCATTCCGCCTGACCTCAACGGTCATAAGTTTTCCGTGAGCGGCGAGGGTGAAGGTGACGCAACTTATGGTTGCCTGACGCTGAAGTTCATCTGTACTACTGGTAAACTGCCGGTACCTTGGCCGACTCTGGTAACGACGCTGAGCTATGGTGTTCAGTGCTTTAGCCGTTATCCGGACCACATGAAGCAGCATGACTTCTTCAAGTCCGCCATGCCGGAAGGCTATGTGCAGGAACGCACGATTTTTTTTAAGGATGACGGCAATTACAAAACGCGTGCGGAAGTGAAATTTGAAGGCGATACAGTCTCGACGATAGGCTAGGTGGAGGCTCAGTG,A01,Pass,Pass,1000,Gene Fragments,pSHPs1104B344730AI
gene_72,300,343,CAACGGTCATAAGTTTTCCGTGAGCGGCGAGGGTGAAGGTGACGCAACTTATGGTAAACTGACGCTGAAGTTCATCTGTACTACTGGTAAACTGCCGGTACCTTGGCCGACTCTGGTAACGACGCTGAGCTATGGTGTTCAGTGCTTTAGCCGTTATCCGGACCACATGAAGCAGCATGACTTCTTCAAGTCCGCCATGCCGGAAGGCTATGTGCAGGAACGCACGATTTTTTTTAAGGATGACGGCAATTACAAAACGCGTGCGGAAGTGAAATTTGAAGGCGATACAGTCTCGACGAT,GAAGTGCCATTCCGCCTGACCTCAACGGTCATAAGTTTTCCGTGAGCGGCGAGGGTGAAGGTGACGCAACTTATGGTAAACTGACGCTGAAGTTCATCTGTACTACTGGTAAACTGCCGGTACCTTGGCCGACTCTGGTAACGACGCTGAGCTATGGTGTTCAGTGCTTTAGCCGTTATCCGGACCACATGAAGCAGCATGACTTCTTCAAGTCCGCCATGCCGGAAGGCTATGTGCAGGAACGCACGATTTTTTTTAAGGATGACGGCAATTACAAAACGCGTGCGGAAGTGAAATTTGAAGGCGATACAGTCTCGACGATAGGCTAGGTGGAGGCTCAGTG,A10,Pass,Pass,968,Gene Fragments,pSHPs1104B344730AI
gene_8,300,343,CAACGGTCATAAGTTTTCCGTGAGCGGCGAGGGTGAAGGTGACGCAACTATTGGTAAACTGACGCTGAAGTTCATCTGTACTACTGGTAAACTGCCGGTACCTTGGCCGACTCTGGTAACGACGCTGACCTATGGTGTTCAGTGCTTTAGCCGTTATCCGGACCACATGAAGCAGCATGACTTCTTCAAGTCCGCCATGCCGGAAGGCTATGTGCAGGAACGCACGATTTTTTTTAAGGATGACGGCAATTACCGTACGCGTGCGGAAGTGAAATTTGAAGGCGATACAGTCTCGACGAT,GAAGTGCCATTCCGCCTGACCTCAACGGTCATAAGTTTTCCGTGAGCGGCGAGGGTGAAGGTGACGCAACTATTGGTAAACTGACGCTGAAGTTCATCTGTACTACTGGTAAACTGCCGGTACCTTGGCCGACTCTGGTAACGACGCTGACCTATGGTGTTCAGTGCTTTAGCCGTTATCCGGACCACATGAAGCAGCATGACTTCTTCAAGTCCGCCATGCCGGAAGGCTATGTGCAGGAACGCACGATTTTTTTTAAGGATGACGGCAATTACCGTACGCGTGCGGAAGTGAAATTTGAAGGCGATACAGTCTCGACGATAGGCTAGGTGGAGGCTCAGTG,A02,Pass,Pass,1000,Gene Fragments,pSHPs1104B344730AI
gene_16,300,343,CAACGGTCATAAGTTTTCCGTGAGCGGCGAGGGTGAAGGTGACGCAACTCATGGTAAACTGACGATTAAGTTCATCTGTACTACTGGTAAACTGCCGGTACCTTGGCCGACTCTGGTAACGACGCTGACCTATGGTGTTCAGTGCTTTGCGCGTTATCCGGACCACATGAAGCAGCATGACTTCTTCAAGTCCGCCATGCCGGAAGGCTATGTGCAGGAACGCACGATTTTTTTTAAGGATGACGGCAATTACAAAACGCGTGCGGAAGTGAAATTTGAAGGCGATACAGTCTCGACGAT,GAAGTGCCATTCCGCCTGACCTCAACGGTCATAAGTTTTCCGTGAGCGGCGAGGGTGAAGGTGACGCAACTCATGGTAAACTGACGATTAAGTTCATCTGTACTACTGGTAAACTGCCGGTACCTTGGCCGACTCTGGTAACGACGCTGACCTATGGTGTTCAGTGCTTTGCGCGTTATCCGGACCACATGAAGCAGCATGACTTCTTCAAGTCCGCCATGCCGGAAGGCTATGTGCAGGAACGCACGATTTTTTTTAAGGATGACGGCAATTACAAAACGCGTGCGGAAGTGAAATTTGAAGGCGATACAGTCTCGACGATAGGCTAGGTGGAGGCTCAGTG,A03,Pass,Pass,1000,Gene Fragments,pSHPs1104B344730AI
gene_24,300,343,CAACGGTCATAAGTTTTCCGTGAGCGGCGAGGGTGAAGGTGACGCAACTTATGGTAAACTGACGCTGAAGTTCATCTGTACTACTGGTAAACTGCCGGTACCTTGGCCGACTCTGGTAACGACGCTGTGCTATGGTGTTCAGTGCTTTAGCAATTATCCGGACCACATGAAGCAGCATGACTTCTTCAAGTCCGCCATGCCGGAAGGCTATATTCAGGAACGCACGATTTTTTTTAAGGATGACGGCAATTACAAAACGCGTGCGGAAGTGAAATTTGAAGGCGATACAGTCTCGACGAT,GAAGTGCCATTCCGCCTGACCTCAACGGTCATAAGTTTTCCGTGAGCGGCGAGGGTGAAGGTGACGCAACTTATGGTAAACTGACGCTGAAGTTCATCTGTACTACTGGTAAACTGCCGGTACCTTGGCCGACTCTGGTAACGACGCTGTGCTATGGTGTTCAGTGCTTTAGCAATTATCCGGACCACATGAAGCAGCATGACTTCTTCAAGTCCGCCATGCCGGAAGGCTATATTCAGGAACGCACGATTTTTTTTAAGGATGACGGCAATTACAAAACGCGTGCGGAAGTGAAATTTGAAGGCGATACAGTCTCGACGATAGGCTAGGTGGAGGCTCAGTG,A04,Pass,Pass,1000,Gene Fragments,pSHPs1104B344730AI
gene_32,300,343,CAACGGTCATAAGTTTTCCGTGAGCGGCGAGGGTGAAGGTGACGCAACTTATGGTAAACTGAGCCTGAAGTTCATCTGTACTACTGGTAAACTGCCGGTACCTTGGCCGACTCTGGTAACGACGCTGGGCTATGGTGTTCAGTGCTTTGCGCGTTATCCGGACCACATGAAGCAGCATGACTTCTTCAAGTCCGCCATGCCGGAAGGCTATGTGCAGGAACGCACGATTTATTTTCGTGATGACGGCAATTACAAAACGCGTGCGGAAGTGAAATTTGAAGGCGATACAGTCTCGACGAT,GAAGTGCCATTCCGCCTGACCTCAACGGTCATAAGTTTTCCGTGAGCGGCGAGGGTGAAGGTGACGCAACTTATGGTAAACTGAGCCTGAAGTTCATCTGTACTACTGGTAAACTGCCGGTACCTTGGCCGACTCTGGTAACGACGCTGGGCTATGGTGTTCAGTGCTTTGCGCGTTATCCGGACCACATGAAGCAGCATGACTTCTTCAAGTCCGCCATGCCGGAAGGCTATGTGCAGGAACGCACGATTTATTTTCGTGATGACGGCAATTACAAAACGCGTGCGGAAGTGAAATTTGAAGGCGATACAGTCTCGACGATAGGCTAGGTGGAGGCTCAGTG,A05,Pass,Pass,1000,Gene Fragments,pSHPs1104B344730AI
gene_40,300,343,CAACGGTCATAAGTTTTCCGTGAGCGGCGAGGGTCAGGGTGACGCAACTGCGGGTCGTATGACGCTGAAGTTCATCTGTACTACTGGTAAACTGCCGGTACCTTGGCCGACTCTGGTAACGACGCTGACCTATGGTGTTCAGTGCTTTAGCCGTTATCCGGACCACATGAAGCAGCATGACTTCTATAAGTCCGCCATGCCGGAAGGCTATGTGCAGGAACGCACGATTTTTTTTCGTGATGACGGCAATTTTCGTACGCGTGCGGAAGTGAAATTTGAAGGCGATACAGTCTCGACGAT,GAAGTGCCATTCCGCCTGACCTCAACGGTCATAAGTTTTCCGTGAGCGGCGAGGGTCAGGGTGACGCAACTGCGGGTCGTATGACGCTGAAGTTCATCTGTACTACTGGTAAACTGCCGGTACCTTGGCCGACTCTGGTAACGACGCTGACCTATGGTGTTCAGTGCTTTAGCCGTTATCCGGACCACATGAAGCAGCATGACTTCTATAAGTCCGCCATGCCGGAAGGCTATGTGCAGGAACGCACGATTTTTTTTCGTGATGACGGCAATTTTCGTACGCGTGCGGAAGTGAAATTTGAAGGCGATACAGTCTCGACGATAGGCTAGGTGGAGGCTCAGTG,A06,Pass,Pass,1000,Gene Fragments,pSHPs1104B344730AI
gene_48,300,343,CAACGGTCATAAGTTTTCCGTGAGCGGCGAGGGTGAAGGTGACGCAACTTATGGTAAACTGAATCTGAAGTTCATCTGTACTACTGGTCGTCTGCCGGTACCTTGGCCGACTCTGGTAACGACGCTGTGCTATGGTATGCAGTGCTTTAGCCGTTATCCGGACCACATGAAGCAGCATGACTTCTTCAAGTCCGCCATGCCGGAAGGCTATGTGCAGCAGCGCACGATTTTTTTTCGTGATGACGGCCGTTACCGTACGAAAGCGGAAGTGAAATTTGAAGGCGATACAGTCTCGACGAT,GAAGTGCCATTCCGCCTGACCTCAACGGTCATAAGTTTTCCGTGAGCGGCGAGGGTGAAGGTGACGCAACTTATGGTAAACTGAATCTGAAGTTCATCTGTACTACTGGTCGTCTGCCGGTACCTTGGCCGACTCTGGTAACGACGCTGTGCTATGGTATGCAGTGCTTTAGCCGTTATCCGGACCACATGAAGCAGCATGACTTCTTCAAGTCCGCCATGCCGGAAGGCTATGTGCAGCAGCGCACGATTTTTTTTCGTGATGACGGCCGTTACCGTACGAAAGCGGAAGTGAAATTTGAAGGCGATACAGTCTCGACGATAGGCTAGGTGGAGGCTCAGTG,A07,Pass,Pass,1000,Gene Fragments,pSHPs1104B344730AI
gene_56,300,343,CAACGGTCATAAGTTTTCCGTGAGCGGCGTGGGTGAAGGTGACGCAACTTATGGTAAACTGACGCTGAAGTTCATCTGTACTAGCGGTAAACTGCCGGTACCTTGGCCGACTATGGTAACGACGCTGAGCTATGGTGTTCTGTGCTTTAGCCGTTATCCGGACCACATGAAGCAGCATGACTGGTTCAAGTCCGCCATGCCGGAAGGCTATATTCAGGAACGCACGATTCAGTTTAAGGATGACGGCGATTACAAAACGCGTGCGGAAGTGAAATTTGAAGGCGATACAGTCTCGACGAT,GAAGTGCCATTCCGCCTGACCTCAACGGTCATAAGTTTTCCGTGAGCGGCGTGGGTGAAGGTGACGCAACTTATGGTAAACTGACGCTGAAGTTCATCTGTACTAGCGGTAAACTGCCGGTACCTTGGCCGACTATGGTAACGACGCTGAGCTATGGTGTTCTGTGCTTTAGCCGTTATCCGGACCACATGAAGCAGCATGACTGGTTCAAGTCCGCCATGCCGGAAGGCTATATTCAGGAACGCACGATTCAGTTTAAGGATGACGGCGATTACAAAACGCGTGCGGAAGTGAAATTTGAAGGCGATACAGTCTCGACGATAGGCTAGGTGGAGGCTCAGTG,A08,Pass,Pass,1000,Gene Fragments,pSHPs1104B344730AI
gene_64,300,343,CAACGGTCATAAGTTTTCCGTGAGCGGCGAGGGTGAAGGTGACGCAACTTATGGTAAACTGACGCTGAAGTTCATCTGTACTACTGGTAAACTGCCGGTACCTTGGCCGACTCTGGTAACGACGTTTAGCTATGGTGTTCAGTGCTTTAGCCGTTATCCGGACCACATGAAGCGTCATGACTTCTTCAAGTCCGCCATGCCGGAAGGCTATGTGCAGGAACGCACGATTTTTTTTAAGGATGACGGCAATTACAAAACGCGTGCGGAAGTGAAATTTGAAGGCGATACAGTCTCGACGAT,GAAGTGCCATTCCGCCTGACCTCAACGGTCATAAGTTTTCCGTGAGCGGCGAGGGTGAAGGTGACGCAACTTATGGTAAACTGACGCTGAAGTTCATCTGTACTACTGGTAAACTGCCGGTACCTTGGCCGACTCTGGTAACGACGTTTAGCTATGGTGTTCAGTGCTTTAGCCGTTATCCGGACCACATGAAGCGTCATGACTTCTTCAAGTCCGCCATGCCGGAAGGCTATGTGCAGGAACGCACGATTTTTTTTAAGGATGACGGCAATTACAAAACGCGTGCGGAAGTGAAATTTGAAGGCGATACAGTCTCGACGATAGGCTAGGTGGAGGCTCAGTG,A09,Pass,Pass,1000,Gene Fragments,pSHPs1104B344730AI
gene_1,300,343,CAACGGTCATAAGTTTTCCGTGAGCGGCGAGGGTGAAGGTGACGCAACTTATGGTAAACTGACGCTGAAGTTCGTGTGTACTACTGGTAAACTGCCGGTACCTTGGCCGACTCTGGTAACGACGCTGAGCTATGGTGTTAAATGCTTTGCGCGTTATCCGGACCACATGAAGCAGCATGACTTCTTCAAGTCCGCCATGCCGGAAGGCTATATTCAGGAACGCACGATTTTTTTTAAGGATGACGGCCAGTACAAAACGCGTGCGGAAGTGAAATTTGAAGGCGATACAGTCTCGACGAT,GAAGTGCCATTCCGCCTGACCTCAACGGTCATAAGTTTTCCGTGAGCGGCGAGGGTGAAGGTGACGCAACTTATGGTAAACTGACGCTGAAGTTCGTGTGTACTACTGGTAAACTGCCGGTACCTTGGCCGACTCTGGTAACGACGCTGAGCTATGGTGTTAAATGCTTTGCGCGTTATCCGGACCACATGAAGCAGCATGACTTCTTCAAGTCCGCCATGCCGGAAGGCTATATTCAGGAACGCACGATTTTTTTTAAGGATGACGGCCAGTACAAAACGCGTGCGGAAGTGAAATTTGAAGGCGATACAGTCTCGACGATAGGCTAGGTGGAGGCTCAGTG,B01,Pass,Pass,957,Gene Fragments,pSHPs1104B344730AI
gene_73,300,343,CAACGGTCATAAGTTTTCCGTGAGCGGCGAGGGTGAAGGTGACGCAACTTATGGTAAACTGACGCTGAAGTTCATCTGTACTACTGGTAAACTGCCGGTACCTTGGCCGACTCTGGTAACGACGTTTAGCTATGGTGTTCAGTGCTTTAGCCGTTATCCGGACCACATGAAGCAGCATGACTTCTTCAAGTCCGCCATGCCGGAAGGCTATGTGCAGGAACGCACGATTTTTTTTAAGGATGACGGCAATTACAAAACGCGTGCGGAAGTGAAATTTGAAGGCGATACAGTCTCGACGAT,GAAGTGCCATTCCGCCTGACCTCAACGGTCATAAGTTTTCCGTGAGCGGCGAGGGTGAAGGTGACGCAACTTATGGTAAACTGACGCTGAAGTTCATCTGTACTACTGGTAAACTGCCGGTACCTTGGCCGACTCTGGTAACGACGTTTAGCTATGGTGTTCAGTGCTTTAGCCGTTATCCGGACCACATGAAGCAGCATGACTTCTTCAAGTCCGCCATGCCGGAAGGCTATGTGCAGGAACGCACGATTTTTTTTAAGGATGACGGCAATTACAAAACGCGTGCGGAAGTGAAATTTGAAGGCGATACAGTCTCGACGATAGGCTAGGTGGAGGCTCAGTG,B10,Pass,Pass,1000,Gene Fragments,pSHPs1104B344730AI
gene_9,300,343,CAACGGTCATAAGTTTTCCGTGAGCGGCGAGGGTGAAGGTGACGCAACTATGGGTAAACTGACGCTGAAGTTCATCTGTACTACTGGTAAACTGCCGGTACCTTGGCCGACTCTGGTAACGACGCTGACCTATGGTGTTCAGTGCTTTGCGCGTTATCCGGACCACCTGAAGCAGCATGACTTCTTCAAGTCCGCCATGCCGGAAGGCTATGTGCAGGAACGCACGATTTTTTTTCGTGATGACGGCAATTACAAAACGCGTGCGGAAGTGAAATTTGAAGGCGATACAGTCTCGACGAT,GAAGTGCCATTCCGCCTGACCTCAACGGTCATAAGTTTTCCGTGAGCGGCGAGGGTGAAGGTGACGCAACTATGGGTAAACTGACGCTGAAGTTCATCTGTACTACTGGTAAACTGCCGGTACCTTGGCCGACTCTGGTAACGACGCTGACCTATGGTGTTCAGTGCTTTGCGCGTTATCCGGACCACCTGAAGCAGCATGACTTCTTCAAGTCCGCCATGCCGGAAGGCTATGTGCAGGAACGCACGATTTTTTTTCGTGATGACGGCAATTACAAAACGCGTGCGGAAGTGAAATTTGAAGGCGATACAGTCTCGACGATAGGCTAGGTGGAGGCTCAGTG,B02,Pass,Pass,1000,Gene Fragments,pSHPs1104B344730AI
gene_17,300,343,CAACGGTCATAAGTTTTCCGTGAGCGGCGAGGGTGAAGGTGACGCAACTATGGGTAAACTGACGCTGAAGTTCATCTGTACTACTGGTCAGCTGCCGGTACCTTGGCCGACTCTGGTAACGACGCTGACCTATGGTGTTCAGTGCTTTAGCCGTTATCCGGACCACATGAAGCGTCATGACTTCTTCAAGTCCGCCATGCCGGAAGGCTATATTCAGGAACGCACGATTTATTTTCATGATGACGGCAATTACAAAACGCGTGCGGAAGTGAAATTTGAAGGCGATACAGTCTCGACGAT,GAAGTGCCATTCCGCCTGACCTCAACGGTCATAAGTTTTCCGTGAGCGGCGAGGGTGAAGGTGACGCAACTATGGGTAAACTGACGCTGAAGTTCATCTGTACTACTGGTCAGCTGCCGGTACCTTGGCCGACTCTGGTAACGACGCTGACCTATGGTGTTCAGTGCTTTAGCCGTTATCCGGACCACATGAAGCGTCATGACTTCTTCAAGTCCGCCATGCCGGAAGGCTATATTCAGGAACGCACGATTTATTTTCATGATGACGGCAATTACAAAACGCGTGCGGAAGTGAAATTTGAAGGCGATACAGTCTCGACGATAGGCTAGGTGGAGGCTCAGTG,B03,Pass,Pass,1000,Gene Fragments,pSHPs1104B344730AI
gene_25,300,343,CAACGGTCATAAGTTTTCCGTGAAAGGCGAGGGTGAAGGTGACGCAACTTATGGTAAACTGACGATGAAGTTCGTGTGTACTACTGGTAAACTGCCGGTACCTTGGCCGACTCTGGTAACGACGCTGACCTATGGTGTTCAGTGCTTTAGCCGTTATCCGGACCACATGAAGAAACATGACTTCTTCAAGTCCGCCATGCCGGAAGGCTATGTGCAGGAACGCACGATTTTTTTTAAGGATGACGGCAATTACAAAACGCGTGCGGAAGTGAAATTTGAAGGCGATACAGTCTCGACGAT,GAAGTGCCATTCCGCCTGACCTCAACGGTCATAAGTTTTCCGTGAAAGGCGAGGGTGAAGGTGACGCAACTTATGGTAAACTGACGATGAAGTTCGTGTGTACTACTGGTAAACTGCCGGTACCTTGGCCGACTCTGGTAACGACGCTGACCTATGGTGTTCAGTGCTTTAGCCGTTATCCGGACCACATGAAGAAACATGACTTCTTCAAGTCCGCCATGCCGGAAGGCTATGTGCAGGAACGCACGATTTTTTTTAAGGATGACGGCAATTACAAAACGCGTGCGGAAGTGAAATTTGAAGGCGATACAGTCTCGACGATAGGCTAGGTGGAGGCTCAGTG,B04,Pass,Pass,1000,Gene Fragments,pSHPs1104B344730AI
gene_33,300,343,CAACGGTCATAAGTTTTCCGTGAGCGGCGAGGGTGTGGGTGACGCAACTTATGGTAAACTGACGCTGAAGTTCGTGTGTACTACTGGTCGTCTGCCGGTACCTTGGCCGACTCTGGTAACGACGCTGATGTATGGTGTTCAGTGCTTTGCGCGTTATCCGGACCACATGAAGAGCCATGACTTCTTCAAGTCCGCCATGCCGGAAGGCTATGTGCAGGAACGCACGATTTTTTTTAAGGATGACGGCAATTACAAAACGCGTGCGGAAGTGAAATTTGAAGGCGATACAGTCTCGACGAT,GAAGTGCCATTCCGCCTGACCTCAACGGTCATAAGTTTTCCGTGAGCGGCGAGGGTGTGGGTGACGCAACTTATGGTAAACTGACGCTGAAGTTCGTGTGTACTACTGGTCGTCTGCCGGTACCTTGGCCGACTCTGGTAACGACGCTGATGTATGGTGTTCAGTGCTTTGCGCGTTATCCGGACCACATGAAGAGCCATGACTTCTTCAAGTCCGCCATGCCGGAAGGCTATGTGCAGGAACGCACGATTTTTTTTAAGGATGACGGCAATTACAAAACGCGTGCGGAAGTGAAATTTGAAGGCGATACAGTCTCGACGATAGGCTAGGTGGAGGCTCAGTG,B05,Pass,Pass,1000,Gene Fragments,pSHPs1104B344730AI
gene_41,300,343,CAACGGTCATAAGTTTTCCGTGAGCGGCGAGGGTCAGGGTGACGCAACTTATGGTAAACTGACGCTGAAGTTCATCTGTACTACTGGTAAACTGCCGGTACCTTGGCCGACTCTGGTAACGACGCTGGCGTATGGTGTTCAGTGCTTTAGCCGTTATCCGGAACACCTGCGTCAGCATGACTTCTTCAAGTCCGCCATGCCGGAAGGCTATGTGCAGGAACGCACGGTGCATTTTCGTGATGACGGCAATTACCGTACGCGTGCGGAAGTGAAATTTGAAGGCGATACAGTCTCGACGAT,GAAGTGCCATTCCGCCTGACCTCAACGGTCATAAGTTTTCCGTGAGCGGCGAGGGTCAGGGTGACGCAACTTATGGTAAACTGACGCTGAAGTTCATCTGTACTACTGGTAAACTGCCGGTACCTTGGCCGACTCTGGTAACGACGCTGGCGTATGGTGTTCAGTGCTTTAGCCGTTATCCGGAACACCTGCGTCAGCATGACTTCTTCAAGTCCGCCATGCCGGAAGGCTATGTGCAGGAACGCACGGTGCATTTTCGTGATGACGGCAATTACCGTACGCGTGCGGAAGTGAAATTTGAAGGCGATACAGTCTCGACGATAGGCTAGGTGGAGGCTCAGTG,B06,Pass,Pass,1000,Gene Fragments,pSHPs1104B344730AI
gene_49,300,343,CAACGGTCATAAGTTTTCCGTGAGCGGCGAGGGTGAAGGTGACGCAACTTATGGTAAACTGACGATGAAGTTCATCTGTACTAGCGGTAAACTGCCGGTACCTTGGCCGACTCTGGTAACGACGCTGACCTATGGTGTTCAGTGCTTTAGCCGTTATCCGGACCACATGCGTAAACATGACTTCTATAAGTCCGCCATGCCGGAAGGCTATGTGCAGGAACGCACGGTGTATTTTCAGGATGACGGCAATTACAAAACGCGTGCGGAAGTGAAATTTGAAGGCGATACAGTCTCGACGAT,GAAGTGCCATTCCGCCTGACCTCAACGGTCATAAGTTTTCCGTGAGCGGCGAGGGTGAAGGTGACGCAACTTATGGTAAACTGACGATGAAGTTCATCTGTACTAGCGGTAAACTGCCGGTACCTTGGCCGACTCTGGTAACGACGCTGACCTATGGTGTTCAGTGCTTTAGCCGTTATCCGGACCACATGCGTAAACATGACTTCTATAAGTCCGCCATGCCGGAAGGCTATGTGCAGGAACGCACGGTGTATTTTCAGGATGACGGCAATTACAAAACGCGTGCGGAAGTGAAATTTGAAGGCGATACAGTCTCGACGATAGGCTAGGTGGAGGCTCAGTG,B07,Pass,Pass,1000,Gene Fragments,pSHPs1104B344730AI
gene_57,300,343,CAACGGTCATAAGTTTTCCGTGCAGGGCAAAGGTGAAGGTGACGCAAGCTATGGTAAACTGACGCTGAAGTTCATCTGTACTACTGGTAAACTGCCGGTACCTTGGCCGACTCTGGTAACGACGCTGGTGTATGGTGTTCAGTGCTTTACCCGTTATCCGGACCACATGAAGCAGCATGACTTCTTCAAGTCCGCCATGCCGGAAGGCTATGTGCAGGAACGCACGATTTATTATAAGGATGACGGCCATTACAAAACGCGTGCGGAAGTGAAATTTGAAGGCGATACAGTCTCGACGAT,GAAGTGCCATTCCGCCTGACCTCAACGGTCATAAGTTTTCCGTGCAGGGCAAAGGTGAAGGTGACGCAAGCTATGGTAAACTGACGCTGAAGTTCATCTGTACTACTGGTAAACTGCCGGTACCTTGGCCGACTCTGGTAACGACGCTGGTGTATGGTGTTCAGTGCTTTACCCGTTATCCGGACCACATGAAGCAGCATGACTTCTTCAAGTCCGCCATGCCGGAAGGCTATGTGCAGGAACGCACGATTTATTATAAGGATGACGGCCATTACAAAACGCGTGCGGAAGTGAAATTTGAAGGCGATACAGTCTCGACGATAGGCTAGGTGGAGGCTCAGTG,B08,Pass,Pass,1000,Gene Fragments,pSHPs1104B344730AI
gene_65,300,343,CAACGGTCATAAGTTTTCCGTGAGCGGCGAGGGTGAAGGTGACGCAACTTATGGTAAACTGACGCTGAAGTTCATCTGTACTACTGGTAAACTGCCGGTACCTTGGCCGACTCTGGTAACGACGTTTGGCTATGGTATTCAGTGCTTTGCGCGTTATCCGGACCACATGAAGCGTCATGACTTCTTCAAGTCCGCCATGCCGGAAGGCTATGTGCAGGAACGCACGATTTTTTTTAAGGATGACGGCAATTACAAAACGCGTGCGGAAGTGAAATTTGAAGGCGATACAGTCTCGACGAT,GAAGTGCCATTCCGCCTGACCTCAACGGTCATAAGTTTTCCGTGAGCGGCGAGGGTGAAGGTGACGCAACTTATGGTAAACTGACGCTGAAGTTCATCTGTACTACTGGTAAACTGCCGGTACCTTGGCCGACTCTGGTAACGACGTTTGGCTATGGTATTCAGTGCTTTGCGCGTTATCCGGACCACATGAAGCGTCATGACTTCTTCAAGTCCGCCATGCCGGAAGGCTATGTGCAGGAACGCACGATTTTTTTTAAGGATGACGGCAATTACAAAACGCGTGCGGAAGTGAAATTTGAAGGCGATACAGTCTCGACGATAGGCTAGGTGGAGGCTCAGTG,B09,Pass,Pass,1000,Gene Fragments,pSHPs1104B344730AI
gene_2,300,343,CAACGGTCATAAGTTTTCCGTGAGCGGCGAGGGTGAAGGTGACGCAACTTATGGTAAACTGACGCTGAAGTTCATCTGTACTACTGGTAAACTGCCGGTACCTTGGCCGACTCTGGTAACGACGCTGTGCTATGGTGTTCAGTGCTTTGCGCGTTATCCGGACCACATGCGTCAGCATGACTTCTTCAAGTCCGCCATGCCGGAAGGCTATGTGCAGGAACGCACGATTTTTTTTAAGGATGACGGCAAATACAAAACGCGTGCGGAAGTGAAATTTGAAGGCGATACAGTCTCGACGAT,GAAGTGCCATTCCGCCTGACCTCAACGGTCATAAGTTTTCCGTGAGCGGCGAGGGTGAAGGTGACGCAACTTATGGTAAACTGACGCTGAAGTTCATCTGTACTACTGGTAAACTGCCGGTACCTTGGCCGACTCTGGTAACGACGCTGTGCTATGGTGTTCAGTGCTTTGCGCGTTATCCGGACCACATGCGTCAGCATGACTTCTTCAAGTCCGCCATGCCGGAAGGCTATGTGCAGGAACGCACGATTTTTTTTAAGGATGACGGCAAATACAAAACGCGTGCGGAAGTGAAATTTGAAGGCGATACAGTCTCGACGATAGGCTAGGTGGAGGCTCAGTG,C01,Pass,Pass,1000,Gene Fragments,pSHPs1104B344730AI
gene_74,300,343,CAACGGTCATAAGTTTTCCGTGAGCGGCGAGGGTGAAGGTGACGCAACTTATGGTAAACTGACGCTGAAGTTCATCTGTACTACTGGTAAACTGCCGGTACCTTGGCCGACTCTGGTAACGACGTTTAGCTATGGTGTTCAGTGCTTTGCGCGTTATCCGGACCACATGAAGCAGCATGACTTCTTCAAGTCCGCCATGCCGGAAGGCTATGTGCAGGAACGCACGATTTTTTTTAAGGATGACGGCAATTACAAAACGCGTGCGGAAGTGAAATTTGAAGGCGATACAGTCTCGACGAT,GAAGTGCCATTCCGCCTGACCTCAACGGTCATAAGTTTTCCGTGAGCGGCGAGGGTGAAGGTGACGCAACTTATGGTAAACTGACGCTGAAGTTCATCTGTACTACTGGTAAACTGCCGGTACCTTGGCCGACTCTGGTAACGACGTTTAGCTATGGTGTTCAGTGCTTTGCGCGTTATCCGGACCACATGAAGCAGCATGACTTCTTCAAGTCCGCCATGCCGGAAGGCTATGTGCAGGAACGCACGATTTTTTTTAAGGATGACGGCAATTACAAAACGCGTGCGGAAGTGAAATTTGAAGGCGATACAGTCTCGACGATAGGCTAGGTGGAGGCTCAGTG,C10,Pass,Pass,1000,Gene Fragments,pSHPs1104B344730AI
gene_10,300,343,CAACGGTCATAAGTTTTCCGTGAGCGGCGAGGGTGAAGGTGACGCAACTTATGGTAAACTGAGCGTGAAGTTCGTGTGTACTACTGGTAAACTGCCGGTACCTTGGCCGACTCTGGTAACGACGCTGACCTATGGTGTTCAGTGCTTTAGCCGTTATCCGGACCACATGAAGCAGCATGACTTCTTCAAGTCCGCCATGCCGGAAGGCTATGTGCAGGAACGCACGATTATGTTTCAGGATGACGGCAATTACAAAACGCGTGCGGAAGTGAAATTTGAAGGCGATACAGTCTCGACGAT,GAAGTGCCATTCCGCCTGACCTCAACGGTCATAAGTTTTCCGTGAGCGGCGAGGGTGAAGGTGACGCAACTTATGGTAAACTGAGCGTGAAGTTCGTGTGTACTACTGGTAAACTGCCGGTACCTTGGCCGACTCTGGTAACGACGCTGACCTATGGTGTTCAGTGCTTTAGCCGTTATCCGGACCACATGAAGCAGCATGACTTCTTCAAGTCCGCCATGCCGGAAGGCTATGTGCAGGAACGCACGATTATGTTTCAGGATGACGGCAATTACAAAACGCGTGCGGAAGTGAAATTTGAAGGCGATACAGTCTCGACGATAGGCTAGGTGGAGGCTCAGTG,C02,Pass,Pass,1000,Gene Fragments,pSHPs1104B344730AI
gene_18,300,343,CAACGGTCATAAGTTTTCCGTGAGCGGCGAGGGTGAAGGTGACGCAACTTATGGTAAACTGACGATGAAGTTCATCTGTACTACTGGTAAACTGCCGGTACCTTGGCCGACTCTGGTAACGACGCTGACCTATGGTGTTCAGTGCTTTAGCCGTTATCCGGACCACATGAAGAAACATGACTTCTTCAAGTCCGCCATGCCGGAAGGCTATGTGCAGGAACGCACGATTTTTTTTAAGGATGACGGCAATTACAAAACGCGTGCGGAAGTGAAATTTGAAGGCGATACAGTCTCGACGAT,GAAGTGCCATTCCGCCTGACCTCAACGGTCATAAGTTTTCCGTGAGCGGCGAGGGTGAAGGTGACGCAACTTATGGTAAACTGACGATGAAGTTCATCTGTACTACTGGTAAACTGCCGGTACCTTGGCCGACTCTGGTAACGACGCTGACCTATGGTGTTCAGTGCTTTAGCCGTTATCCGGACCACATGAAGAAACATGACTTCTTCAAGTCCGCCATGCCGGAAGGCTATGTGCAGGAACGCACGATTTTTTTTAAGGATGACGGCAATTACAAAACGCGTGCGGAAGTGAAATTTGAAGGCGATACAGTCTCGACGATAGGCTAGGTGGAGGCTCAGTG,C03,Pass,Pass,1000,Gene Fragments,pSHPs1104B344730AI
gene_26,300,343,CAACGGTCATAAGTTTTCCGTGAGCGGCGAGGGTGAAGGTGACGCAACTTATGGTAAACTGACGCTGAAGTTCATCTGTACTACTGGTAAACTGCCGGTACCTTGGCCGACTATGGTAACGACGCTGACCTATGGTGTTCAGTGCTTTAGCCGTTATCCGGACCACATGAAGCAGCATGACTTCTTCAAGTCCGCCATGCCGGAAGGCTATGTGCAGGAACGCACGATTTTTTTTCAGGATGACGGCAGCTACAAAACGCGTGCGGAAGTGAAATTTGAAGGCGATACAGTCTCGACGAT,GAAGTGCCATTCCGCCTGACCTCAACGGTCATAAGTTTTCCGTGAGCGGCGAGGGTGAAGGTGACGCAACTTATGGTAAACTGACGCTGAAGTTCATCTGTACTACTGGTAAACTGCCGGTACCTTGGCCGACTATGGTAACGACGCTGACCTATGGTGTTCAGTGCTTTAGCCGTTATCCGGACCACATGAAGCAGCATGACTTCTTCAAGTCCGCCATGCCGGAAGGCTATGTGCAGGAACGCACGATTTTTTTTCAGGATGACGGCAGCTACAAAACGCGTGCGGAAGTGAAATTTGAAGGCGATACAGTCTCGACGATAGGCTAGGTGGAGGCTCAGTG,C04,Pass,Pass,1000,Gene Fragments,pSHPs1104B344730AI
gene_34,300,343,CAACGGTCATAAGTTTTCCGTGAGCGGCGAGGGTGAAGGTGACGCAACTTATGGTAAAATGACGCTGAAGTTCATCTGTACTACTGGTAAACTGCCGGTACCTTGGCCGACTCTGGTAACGACGCTGGGCTATGGTGTTCAGTGCTTTAGCCGTTATCCGGACCACATGAAGCAGCATGACTTCTATAAGTCCGCCATGCCGGAAGGCTATGTGCAGGAACGCACGATTATGTTTAAGGATGACGGCACCTACAAAACGCGTGCGGAAGTGAAATTTGAAGGCGATACAGTCTCGACGAT,GAAGTGCCATTCCGCCTGACCTCAACGGTCATAAGTTTTCCGTGAGCGGCGAGGGTGAAGGTGACGCAACTTATGGTAAAATGACGCTGAAGTTCATCTGTACTACTGGTAAACTGCCGGTACCTTGGCCGACTCTGGTAACGACGCTGGGCTATGGTGTTCAGTGCTTTAGCCGTTATCCGGACCACATGAAGCAGCATGACTTCTATAAGTCCGCCATGCCGGAAGGCTATGTGCAGGAACGCACGATTATGTTTAAGGATGACGGCACCTACAAAACGCGTGCGGAAGTGAAATTTGAAGGCGATACAGTCTCGACGATAGGCTAGGTGGAGGCTCAGTG,C05,Pass,Pass,1000,Gene Fragments,pSHPs1104B344730AI
gene_42,300,343,CAACGGTCATAAGTTTTCCGTGAGCGGCGAGGGTGAAGGTGAAGCAACTTATGGTCGTCTGACGATTAAGTTCATCTGTACTACTGGTAAACTGCCGGTACCTTGGCCGACTCTGATTACGACGCTGAGCTATGGTGTTATGTGCTTTGCGCGTTATCCGGACCACTTTAAGCAGCATGACTTCTTCAAGTCCGCCATGCCGGAAGGCTATGTGCAGGAACGCACGATTTTTTTTGAAGATGACGGCACCTACCAGACGCGTGCGGAAGTGAAATTTGAAGGCGATACAGTCTCGACGAT,GAAGTGCCATTCCGCCTGACCTCAACGGTCATAAGTTTTCCGTGAGCGGCGAGGGTGAAGGTGAAGCAACTTATGGTCGTCTGACGATTAAGTTCATCTGTACTACTGGTAAACTGCCGGTACCTTGGCCGACTCTGATTACGACGCTGAGCTATGGTGTTATGTGCTTTGCGCGTTATCCGGACCACTTTAAGCAGCATGACTTCTTCAAGTCCGCCATGCCGGAAGGCTATGTGCAGGAACGCACGATTTTTTTTGAAGATGACGGCACCTACCAGACGCGTGCGGAAGTGAAATTTGAAGGCGATACAGTCTCGACGATAGGCTAGGTGGAGGCTCAGTG,C06,Pass,Pass,1000,Gene Fragments,pSHPs1104B344730AI
gene_50,300,343,CAACGGTCATAAGTTTTCCGTGAGCGGCGAGGGTGAAGGTGACGCAACTTATGGTAAACTGACGCTGAAGTTCATCTGTACTACTGGTCAGCTGCCGGTACCTTGGCCGACTCTGGTAACGACGCTGGCGTATGGTGTTCAGTGCTTTAGCCGTTATCCGGACCACATGAAGCAGCATGACTTCTTCAAGACCGCCATGCCGGAAGGCTATGTGCAGGAACGCTATATTAGCTTTGCGGATGACGGCCATTTTAAAACGCGTGCGGAAGTGAAATTTGAAGGCGATACAGTCTCGACGAT,GAAGTGCCATTCCGCCTGACCTCAACGGTCATAAGTTTTCCGTGAGCGGCGAGGGTGAAGGTGACGCAACTTATGGTAAACTGACGCTGAAGTTCATCTGTACTACTGGTCAGCTGCCGGTACCTTGGCCGACTCTGGTAACGACGCTGGCGTATGGTGTTCAGTGCTTTAGCCGTTATCCGGACCACATGAAGCAGCATGACTTCTTCAAGACCGCCATGCCGGAAGGCTATGTGCAGGAACGCTATATTAGCTTTGCGGATGACGGCCATTTTAAAACGCGTGCGGAAGTGAAATTTGAAGGCGATACAGTCTCGACGATAGGCTAGGTGGAGGCTCAGTG,C07,Pass,Pass,1000,Gene Fragments,pSHPs1104B344730AI
gene_58,300,343,CAACGGTCATAAGTTTTCCGTGCAGGGCGAGGGTGAAGGTGACGCAACTTATGGTAAACTGCAGATTAAGTTCATCTGTACTAGCGGTAAACTGCCGGTACCTTGGCCGAGCCTGGTAACGACGCTGGCGTATGGTGTTCAGTGCTTTAGCCGTTATCCGGACAATCTGAAGCAGCATGACTTCTTCAAGTCCGCCATGCCGGAAGGCTATGTGCAGGAACGCACGATTTTTTTTAAGGATGACGGCAATTACAAAACGAAAGCGGAAGTGAAATTTGAAGGCGATACAGTCTCGACGAT,GAAGTGCCATTCCGCCTGACCTCAACGGTCATAAGTTTTCCGTGCAGGGCGAGGGTGAAGGTGACGCAACTTATGGTAAACTGCAGATTAAGTTCATCTGTACTAGCGGTAAACTGCCGGTACCTTGGCCGAGCCTGGTAACGACGCTGGCGTATGGTGTTCAGTGCTTTAGCCGTTATCCGGACAATCTGAAGCAGCATGACTTCTTCAAGTCCGCCATGCCGGAAGGCTATGTGCAGGAACGCACGATTTTTTTTAAGGATGACGGCAATTACAAAACGAAAGCGGAAGTGAAATTTGAAGGCGATACAGTCTCGACGATAGGCTAGGTGGAGGCTCAGTG,C08,Pass,Pass,942,Gene Fragments,pSHPs1104B344730AI
gene_66,300,343,CAACGGTCATAAGTTTTCCGTGAGCGGCGAGGGTGAAGGTGACGCAACTTATGGTAAACTGACGCTGAAGTTCATCTGTACTACTGGTAAACTGCCGGTACCTTGGCCGACTCTGGTAACGACGCTGAGCTATGGTGTTCAGTGCTTTGCGCGTTATCCGGACCACATGAAGCGTCATGACTTCTTCAAGTCCGCCATGCCGGAAGGCTATGTGCAGGAACGCACGATTTTTTTTAAGGATGACGGCAATTACAAAACGCGTGCGGAAGTGAAATTTGAAGGCGATACAGTCTCGACGAT,GAAGTGCCATTCCGCCTGACCTCAACGGTCATAAGTTTTCCGTGAGCGGCGAGGGTGAAGGTGACGCAACTTATGGTAAACTGACGCTGAAGTTCATCTGTACTACTGGTAAACTGCCGGTACCTTGGCCGACTCTGGTAACGACGCTGAGCTATGGTGTTCAGTGCTTTGCGCGTTATCCGGACCACATGAAGCGTCATGACTTCTTCAAGTCCGCCATGCCGGAAGGCTATGTGCAGGAACGCACGATTTTTTTTAAGGATGACGGCAATTACAAAACGCGTGCGGAAGTGAAATTTGAAGGCGATACAGTCTCGACGATAGGCTAGGTGGAGGCTCAGTG,C09,Pass,Pass,1000,Gene Fragments,pSHPs1104B344730AI
gene_3,300,343,CAACGGTCATAAGTTTTCCGTGAGCGGCGAGGGTGAAGGTGACGCAACTTATGGTAAACTGACGCTGAAGTTCATCTGTACTACTGGTAAACTGCCGGTACCTTGGCCGACTCTGGTAACGACGCTGACCTATGGTGTTATGTGCTTTAGCCGTTATCCGGACCACATGCGTCAGCATGACTTCTTCAAGTCCGCCATGCCGGAAGGCTATGTGCAGGAACGCACGATTTTTTTTAAGGATGACGGCAATTACAAAACGCGTGCGGAAGTGAAATTTGAAGGCGATACAGTCTCGACGAT,GAAGTGCCATTCCGCCTGACCTCAACGGTCATAAGTTTTCCGTGAGCGGCGAGGGTGAAGGTGACGCAACTTATGGTAAACTGACGCTGAAGTTCATCTGTACTACTGGTAAACTGCCGGTACCTTGGCCGACTCTGGTAACGACGCTGACCTATGGTGTTATGTGCTTTAGCCGTTATCCGGACCACATGCGTCAGCATGACTTCTTCAAGTCCGCCATGCCGGAAGGCTATGTGCAGGAACGCACGATTTTTTTTAAGGATGACGGCAATTACAAAACGCGTGCGGAAGTGAAATTTGAAGGCGATACAGTCTCGACGATAGGCTAGGTGGAGGCTCAGTG,D01,Pass,Pass,1000,Gene Fragments,pSHPs1104B344730AI
gene_75,300,343,CAACGGTCATAAGTTTTCCGTGAGCGGCGAGGGTGAAGGTGACGCAACTTATGGTAAACTGACGCTGAAGTTCATCTGTACTACTGGTAAACTGCCGGTACCTTGGCCGACTCTGGTAACGACGCTGGGCTATGGTGTTCAGTGCTTTGCGCGTTATCCGGACCACATGAAGCAGCATGACTTCTTCAAGTCCGCCATGCCGGAAGGCTATGTGCAGGAACGCACGATTTTTTTTAAGGATGACGGCAATTACAAAACGCGTGCGGAAGTGAAATTTGAAGGCGATACAGTCTCGACGAT,GAAGTGCCATTCCGCCTGACCTCAACGGTCATAAGTTTTCCGTGAGCGGCGAGGGTGAAGGTGACGCAACTTATGGTAAACTGACGCTGAAGTTCATCTGTACTACTGGTAAACTGCCGGTACCTTGGCCGACTCTGGTAACGACGCTGGGCTATGGTGTTCAGTGCTTTGCGCGTTATCCGGACCACATGAAGCAGCATGACTTCTTCAAGTCCGCCATGCCGGAAGGCTATGTGCAGGAACGCACGATTTTTTTTAAGGATGACGGCAATTACAAAACGCGTGCGGAAGTGAAATTTGAAGGCGATACAGTCTCGACGATAGGCTAGGTGGAGGCTCAGTG,D10,Pass,Pass,1000,Gene Fragments,pSHPs1104B344730AI
gene_11,300,343,CAACGGTCATAAGTTTTCCGTGAGCGGCGAGGGTGAAGGTGACGCAACTTATGGTAAACTGACGCTGAAGTTCATCTGTACTACTGGTAAACTGCCGGTACCTTGGCCGACTCTGGTAACGACGCTGACCTATGGTGTTCAGTGCTTTAGCAATTATCCGGACCACATGAAGCAGCATGACTTCTTCAAGTCCGCCATGCCGGAAGGCTATGTGCAGGAACGCACGATTTTTTTTAAGGATGACGGCAATTACAAAACGCGTGCGGAAGTGAAATTTGAAGGCGATACAGTCTCGACGAT,GAAGTGCCATTCCGCCTGACCTCAACGGTCATAAGTTTTCCGTGAGCGGCGAGGGTGAAGGTGACGCAACTTATGGTAAACTGACGCTGAAGTTCATCTGTACTACTGGTAAACTGCCGGTACCTTGGCCGACTCTGGTAACGACGCTGACCTATGGTGTTCAGTGCTTTAGCAATTATCCGGACCACATGAAGCAGCATGACTTCTTCAAGTCCGCCATGCCGGAAGGCTATGTGCAGGAACGCACGATTTTTTTTAAGGATGACGGCAATTACAAAACGCGTGCGGAAGTGAAATTTGAAGGCGATACAGTCTCGACGATAGGCTAGGTGGAGGCTCAGTG,D02,Pass,Pass,1000,Gene Fragments,pSHPs1104B344730AI
gene_19,300,343,CAACGGTCATAAGTTTTCCGTGAGCGGCGAGGGTGAAGGTGACGCAACTTATGGTAAACTGACGCTGAAGTTCATCTGTACTACTGGTAAACTGCCGGTACCTTGGCCGACTCTGGTAACGACGCTGACCTATGGTGTTCAGTGCTTTAGCCGTTATCCGGACCACATGAAGCAGCATGACTTCTTCAAGTCCGCCATGCCGGAAGGCTATCTGCAGGAACGCACGATTTTTTTTGATGATGACGGCAATTTTAAAACGCGTGCGGAAGTGAAATTTGAAGGCGATACAGTCTCGACGAT,GAAGTGCCATTCCGCCTGACCTCAACGGTCATAAGTTTTCCGTGAGCGGCGAGGGTGAAGGTGACGCAACTTATGGTAAACTGACGCTGAAGTTCATCTGTACTACTGGTAAACTGCCGGTACCTTGGCCGACTCTGGTAACGACGCTGACCTATGGTGTTCAGTGCTTTAGCCGTTATCCGGACCACATGAAGCAGCATGACTTCTTCAAGTCCGCCATGCCGGAAGGCTATCTGCAGGAACGCACGATTTTTTTTGATGATGACGGCAATTTTAAAACGCGTGCGGAAGTGAAATTTGAAGGCGATACAGTCTCGACGATAGGCTAGGTGGAGGCTCAGTG,D03,Pass,Pass,1000,Gene Fragments,pSHPs1104B344730AI
gene_27,300,343,CAACGGTCATAAGTTTTCCGTGAGCGGCGAGGGTGAAGGTGACGCAACTTATGGTAAACTGACGCTGAAGTTCATCTGTACTACTGGTAAACTGCCGGTACCTTGGCCGACTCTGGTAACGACGCTGACCTATGGTGTTCAGTGCTTTAGCCGTTATCCGGACCACATGAAGCGTCATGACTTCTTCAAGTCCGCCATGCCGGAAGGCTATATGCAGGAACGCACGATTTTTTTTAAGGATGACGGCAGCTACCAGACGCGTGCGGAAGTGAAATTTGAAGGCGATACAGTCTCGACGAT,GAAGTGCCATTCCGCCTGACCTCAACGGTCATAAGTTTTCCGTGAGCGGCGAGGGTGAAGGTGACGCAACTTATGGTAAACTGACGCTGAAGTTCATCTGTACTACTGGTAAACTGCCGGTACCTTGGCCGACTCTGGTAACGACGCTGACCTATGGTGTTCAGTGCTTTAGCCGTTATCCGGACCACATGAAGCGTCATGACTTCTTCAAGTCCGCCATGCCGGAAGGCTATATGCAGGAACGCACGATTTTTTTTAAGGATGACGGCAGCTACCAGACGCGTGCGGAAGTGAAATTTGAAGGCGATACAGTCTCGACGATAGGCTAGGTGGAGGCTCAGTG,D04,Pass,Pass,1000,Gene Fragments,pSHPs1104B344730AI
gene_35,300,343,CAACGGTCATAAGTTTTCCGTGAGCGGCGAGGGTGAAGGTGACGCAACTTATGGTAAAATTACGCTGAAGTTCATCTGTACTACTGGTAAACTGCCGGTACCTTGGCCGACTCTGGTAACGACGCTGACCTATGGTGTTCAGTGCTTTAGCCGTTATCCGGACCACATGAAGCGTCATGACTTCTTCAAGTCCGCCATGCCGGAAGGCTATATTCAGGAACGCACGATTTTTTTTCGTGATGACGGCAATTACCAGACGCGTGCGGAAGTGAAATTTGAAGGCGATACAGTCTCGACGAT,GAAGTGCCATTCCGCCTGACCTCAACGGTCATAAGTTTTCCGTGAGCGGCGAGGGTGAAGGTGACGCAACTTATGGTAAAATTACGCTGAAGTTCATCTGTACTACTGGTAAACTGCCGGTACCTTGGCCGACTCTGGTAACGACGCTGACCTATGGTGTTCAGTGCTTTAGCCGTTATCCGGACCACATGAAGCGTCATGACTTCTTCAAGTCCGCCATGCCGGAAGGCTATATTCAGGAACGCACGATTTTTTTTCGTGATGACGGCAATTACCAGACGCGTGCGGAAGTGAAATTTGAAGGCGATACAGTCTCGACGATAGGCTAGGTGGAGGCTCAGTG,D05,Pass,Pass,1000,Gene Fragments,pSHPs1104B344730AI
gene_43,300,343,CAACGGTCATAAGTTTTCCGTGAGCGGCGAGGGTGAAGGTGACGCAACTATGGGTAAACTGACGATGAAGTTCATCTGTACTACTGGTAAACTGCCGGTACCTTGGCCGAGCCTGGTAACGACGCTGGCGTATGGTGTTCAGTGCTTTAGCCGTTATCCGGACCACATGCGTCAGCATGACTTCTTCAAGTCCACCATGCCGGAAGGCTATGTGCAGGAACGCAGCATTTTTTTTCGTGATGACGGCAATTACAAAACGCGTGCGGAAGTGAAATTTGAAGGCGATACAGTCTCGACGAT,GAAGTGCCATTCCGCCTGACCTCAACGGTCATAAGTTTTCCGTGAGCGGCGAGGGTGAAGGTGACGCAACTATGGGTAAACTGACGATGAAGTTCATCTGTACTACTGGTAAACTGCCGGTACCTTGGCCGAGCCTGGTAACGACGCTGGCGTATGGTGTTCAGTGCTTTAGCCGTTATCCGGACCACATGCGTCAGCATGACTTCTTCAAGTCCACCATGCCGGAAGGCTATGTGCAGGAACGCAGCATTTTTTTTCGTGATGACGGCAATTACAAAACGCGTGCGGAAGTGAAATTTGAAGGCGATACAGTCTCGACGATAGGCTAGGTGGAGGCTCAGTG,D06,Pass,Pass,1000,Gene Fragments,pSHPs1104B344730AI
gene_51,300,343,CAACGGTCATAAGTTTTCCGTGAGCGGCGAGGGTGAAGGTGACGCAACTTATGGTAAACTGACGCTGAAGTTCATCTGTAGCACTGGTCGTCTGCCGGTACCTTGGCCGACTCTGGTAACGACGCTGGCGTATGGTGTTCAGTGCTTTGCGCGTTATCCGGACCACCTGAAGCAGCATGACTTCTTCAAGGATGCCATGCCGGAAGGCTATGTGCAGCAGCGCACGATTGTGTTTAAGGATGACGGCAATTTTAAAACGCGTGCGGAAGTGAAATTTGAAGGCGATACAGTCTCGACGAT,GAAGTGCCATTCCGCCTGACCTCAACGGTCATAAGTTTTCCGTGAGCGGCGAGGGTGAAGGTGACGCAACTTATGGTAAACTGACGCTGAAGTTCATCTGTAGCACTGGTCGTCTGCCGGTACCTTGGCCGACTCTGGTAACGACGCTGGCGTATGGTGTTCAGTGCTTTGCGCGTTATCCGGACCACCTGAAGCAGCATGACTTCTTCAAGGATGCCATGCCGGAAGGCTATGTGCAGCAGCGCACGATTGTGTTTAAGGATGACGGCAATTTTAAAACGCGTGCGGAAGTGAAATTTGAAGGCGATACAGTCTCGACGATAGGCTAGGTGGAGGCTCAGTG,D07,Pass,Pass,1000,Gene Fragments,pSHPs1104B344730AI
gene_59,300,343,CAACGGTCATAAGTTTTCCGTGCAGGGCGAGGGTGTGGGTGACGCAAGCTATGGTCGTCTGACGCTGAAGTTCATCTGTACTACTGGTAAACTGCCGGTACCTTGGCCGACTCTGGTAACGACGATGGCGTATGGTGTTCAGTGCTTTAGCCGTTATCCGGACCACATGAAGCAGCATGACTTCTTCAAGTCCGCCATGCCGGAAGGCTATGTGCAGGAACGCACGATTTATTTTCGTGATGACGGCAATTACAAAACGAAAGCGGAAGTGAAATTTGAAGGCGATACAGTCTCGACGAT,GAAGTGCCATTCCGCCTGACCTCAACGGTCATAAGTTTTCCGTGCAGGGCGAGGGTGTGGGTGACGCAAGCTATGGTCGTCTGACGCTGAAGTTCATCTGTACTACTGGTAAACTGCCGGTACCTTGGCCGACTCTGGTAACGACGATGGCGTATGGTGTTCAGTGCTTTAGCCGTTATCCGGACCACATGAAGCAGCATGACTTCTTCAAGTCCGCCATGCCGGAAGGCTATGTGCAGGAACGCACGATTTATTTTCGTGATGACGGCAATTACAAAACGAAAGCGGAAGTGAAATTTGAAGGCGATACAGTCTCGACGATAGGCTAGGTGGAGGCTCAGTG,D08,Pass,Pass,1000,Gene Fragments,pSHPs1104B344730AI
gene_67,300,343,CAACGGTCATAAGTTTTCCGTGAGCGGCGAGGGTGAAGGTGACGCAACTTATGGTAAACTGACGCTGAAGTTCATCTGTACTACTGGTAAACTGCCGGTACCTTGGCCGACTCTGGTAACGACGTTTGGCTATGGTGTTCAGTGCTTTGCGCGTTATCCGGACCACATGCGTCGTCATGACTTCTTCAAGTCCGCCATGCCGGAAGGCTATGTGCAGGAACGCACGATTTTTTTTAAGGATGACGGCAATTACAAAACGCGTGCGGAAGTGAAATTTGAAGGCGATACAGTCTCGACGAT,GAAGTGCCATTCCGCCTGACCTCAACGGTCATAAGTTTTCCGTGAGCGGCGAGGGTGAAGGTGACGCAACTTATGGTAAACTGACGCTGAAGTTCATCTGTACTACTGGTAAACTGCCGGTACCTTGGCCGACTCTGGTAACGACGTTTGGCTATGGTGTTCAGTGCTTTGCGCGTTATCCGGACCACATGCGTCGTCATGACTTCTTCAAGTCCGCCATGCCGGAAGGCTATGTGCAGGAACGCACGATTTTTTTTAAGGATGACGGCAATTACAAAACGCGTGCGGAAGTGAAATTTGAAGGCGATACAGTCTCGACGATAGGCTAGGTGGAGGCTCAGTG,D09,Pass,Pass,1000,Gene Fragments,pSHPs1104B344730AI
gene_4,300,343,CAACGGTCATAAGTTTTCCGTGAGCGGCGAGGGTGAAGGTGACGCAACTTATGGTAAACTGACGCTGAAGTTCATCTGTACTACTGGTAAACTGCCGGTACCTTGGCCGACTCTGGTAACGACGCTGACCTATGGTGTTCAGTGCTTTGCGCGTTATCCGGACCACATGAAGCAGCATGACTTCTTCAAGTCCGCCATGCCGGAAGGCTATGTGCAGGAACGCACGATTTTTTTTAAGGATGACGGCAATTACAAAACGCGTGCGGAAGTGAAATTTGAAGGCGATACAGTCTCGACGAT,GAAGTGCCATTCCGCCTGACCTCAACGGTCATAAGTTTTCCGTGAGCGGCGAGGGTGAAGGTGACGCAACTTATGGTAAACTGACGCTGAAGTTCATCTGTACTACTGGTAAACTGCCGGTACCTTGGCCGACTCTGGTAACGACGCTGACCTATGGTGTTCAGTGCTTTGCGCGTTATCCGGACCACATGAAGCAGCATGACTTCTTCAAGTCCGCCATGCCGGAAGGCTATGTGCAGGAACGCACGATTTTTTTTAAGGATGACGGCAATTACAAAACGCGTGCGGAAGTGAAATTTGAAGGCGATACAGTCTCGACGATAGGCTAGGTGGAGGCTCAGTG,E01,Pass,Pass,1000,Gene Fragments,pSHPs1104B344730AI
gene_76,300,343,CAACGGTCATAAGTTTTCCGTGAGCGGCGAGGGTGAAGGTGACGCAACTTATGGTAAACTGACGCTGAAGTTCATCTGTACTACTGGTAAACTGCCGGTACCTTGGCCGACTCTGGTAACGACGCTGGGCTATGGTGTTCAGTGCTTTAGCCGTTATCCGGACCACATGAAGCAGCATGACTTCTTCAAGTCCGCCATGCCGGAAGGCTATGTGCAGGAACGCACGATTTTTTTTAAGGATGACGGCAATTACAAAACGCGTGCGGAAGTGAAATTTGAAGGCGATACAGTCTCGACGAT,GAAGTGCCATTCCGCCTGACCTCAACGGTCATAAGTTTTCCGTGAGCGGCGAGGGTGAAGGTGACGCAACTTATGGTAAACTGACGCTGAAGTTCATCTGTACTACTGGTAAACTGCCGGTACCTTGGCCGACTCTGGTAACGACGCTGGGCTATGGTGTTCAGTGCTTTAGCCGTTATCCGGACCACATGAAGCAGCATGACTTCTTCAAGTCCGCCATGCCGGAAGGCTATGTGCAGGAACGCACGATTTTTTTTAAGGATGACGGCAATTACAAAACGCGTGCGGAAGTGAAATTTGAAGGCGATACAGTCTCGACGATAGGCTAGGTGGAGGCTCAGTG,E10,Pass,Pass,1000,Gene Fragments,pSHPs1104B344730AI
gene_12,300,343,CAACGGTCATAAGTTTTCCGTGAGCGGCGAGGGTGAAGGTGACGCAACTTATGGTAAACTGACGCTGAAGTTCATCTGTACTACTGGTAAACTGCCGGTACCTTGGCCGACTCTGGTAACGACGCTGTGCTATGGTGTTCAGTGCTTTAGCCGTTATCCGGACCACATGAAGAAACATGACTTCTTCAAGTCCGCCATGCCGGAAGGCTATGTGCAGGAACGCACGATTTTTTTTAAGGATGACGGCAATTACAAAACGCGTGCGGAAGTGAAATTTGAAGGCGATACAGTCTCGACGAT,GAAGTGCCATTCCGCCTGACCTCAACGGTCATAAGTTTTCCGTGAGCGGCGAGGGTGAAGGTGACGCAACTTATGGTAAACTGACGCTGAAGTTCATCTGTACTACTGGTAAACTGCCGGTACCTTGGCCGACTCTGGTAACGACGCTGTGCTATGGTGTTCAGTGCTTTAGCCGTTATCCGGACCACATGAAGAAACATGACTTCTTCAAGTCCGCCATGCCGGAAGGCTATGTGCAGGAACGCACGATTTTTTTTAAGGATGACGGCAATTACAAAACGCGTGCGGAAGTGAAATTTGAAGGCGATACAGTCTCGACGATAGGCTAGGTGGAGGCTCAGTG,E02,Pass,Pass,1000,Gene Fragments,pSHPs1104B344730AI
gene_20,300,343,CAACGGTCATAAGTTTTCCGTGAGCGGCGAGGGTGAAGGTGACGCAAGCTATGGTAAACTGACGCTGAAGTTCATCTGTACTACTGGTAAACTGCCGGTACCTTGGCCGACTCTGGTAACGACGCTGACCTATGGTGTTCAGTGCTTTAGCCATTATCCGGACCACATGAAGCGTCATGACTTCTTCAAGTCCGCCATGCCGGAAGGCTATGTGCAGGAACGCACGATTTTTTTTAAGGATGACGGCACCTACAAAACGCGTGCGGAAGTGAAATTTGAAGGCGATACAGTCTCGACGAT,GAAGTGCCATTCCGCCTGACCTCAACGGTCATAAGTTTTCCGTGAGCGGCGAGGGTGAAGGTGACGCAAGCTATGGTAAACTGACGCTGAAGTTCATCTGTACTACTGGTAAACTGCCGGTACCTTGGCCGACTCTGGTAACGACGCTGACCTATGGTGTTCAGTGCTTTAGCCATTATCCGGACCACATGAAGCGTCATGACTTCTTCAAGTCCGCCATGCCGGAAGGCTATGTGCAGGAACGCACGATTTTTTTTAAGGATGACGGCACCTACAAAACGCGTGCGGAAGTGAAATTTGAAGGCGATACAGTCTCGACGATAGGCTAGGTGGAGGCTCAGTG,E03,Pass,Pass,1000,Gene Fragments,pSHPs1104B344730AI
gene_28,300,343,CAACGGTCATAAGTTTTCCGTGAGCGGCGAGGGTGAAGGTGACGCAACTTATGGTAAACTGACGCTGAAGTTCATCTGTACTAGCGGTAAACTGCCGGTACCTTGGCCGACTCTGGTAACGACGCTGACCTATGGTGTTCAGTGCTTTAGCCGTTATCCGGACCACATGAAGCAGCATGACTTCTTCAAGTCCGCCATGCCGGAAGGCTATGTGCAGGAACGCACGATTTTTTTTCGTGATGACGGCAATTACAAAACGCGTGCGGAAGTGAAATTTGAAGGCGATACAGTCTCGACGAT,GAAGTGCCATTCCGCCTGACCTCAACGGTCATAAGTTTTCCGTGAGCGGCGAGGGTGAAGGTGACGCAACTTATGGTAAACTGACGCTGAAGTTCATCTGTACTAGCGGTAAACTGCCGGTACCTTGGCCGACTCTGGTAACGACGCTGACCTATGGTGTTCAGTGCTTTAGCCGTTATCCGGACCACATGAAGCAGCATGACTTCTTCAAGTCCGCCATGCCGGAAGGCTATGTGCAGGAACGCACGATTTTTTTTCGTGATGACGGCAATTACAAAACGCGTGCGGAAGTGAAATTTGAAGGCGATACAGTCTCGACGATAGGCTAGGTGGAGGCTCAGTG,E04,Pass,Pass,1000,Gene Fragments,pSHPs1104B344730AI
gene_36,300,343,CAACGGTCATAAGTTTTCCGTGAAAGGCGAGGGTGAAGGTGACTGCAGCTATGGTAAACTGGTGCTGAAGTTCATCTGTACTACTGGTAAACTGCCGGTACCTTGGCCGACTCTGGTAACGACGCTGAGCTATGGTGTTCAGTGCTTTGCGCATTATCCGGACCACATGACCAAACATGACTTCTTCAAGTCCGCCATGCCGGAAGGCTATGTGCAGGAACGCACGGTGTATTTTCATGATGACGGCAATTACAAAACGCGTGCGGAAGTGAAATTTGAAGGCGATACAGTCTCGACGAT,GAAGTGCCATTCCGCCTGACCTCAACGGTCATAAGTTTTCCGTGAAAGGCGAGGGTGAAGGTGACTGCAGCTATGGTAAACTGGTGCTGAAGTTCATCTGTACTACTGGTAAACTGCCGGTACCTTGGCCGACTCTGGTAACGACGCTGAGCTATGGTGTTCAGTGCTTTGCGCATTATCCGGACCACATGACCAAACATGACTTCTTCAAGTCCGCCATGCCGGAAGGCTATGTGCAGGAACGCACGGTGTATTTTCATGATGACGGCAATTACAAAACGCGTGCGGAAGTGAAATTTGAAGGCGATACAGTCTCGACGATAGGCTAGGTGGAGGCTCAGTG,E05,Pass,Pass,1000,Gene Fragments,pSHPs1104B344730AI
gene_44,300,343,CAACGGTCATAAGTTTTCCGTGAGCGGCGAGGGTGAAGGTGACGCAACTCAGGGTAAACTGAGCCTGAAGTTCATCTGTACTACTGGTGATCTGCCGGTACCTTGGCCGACTCTGGTAACGACGCTGAGCTATGGTGTTCAGTGCTTTAGCCGTTATCCGGACCACATGAAGCATCAGGACTTCTTCAAGTCCGCCATGCCGGAAGGCTATGTGCAGGAACGCACGATTAGCTTTGATGATGACGGCTGCTACAAAACGCGTGCGGAAGTGAAATTTGAAGGCGATACAGTCTCGACGAT,GAAGTGCCATTCCGCCTGACCTCAACGGTCATAAGTTTTCCGTGAGCGGCGAGGGTGAAGGTGACGCAACTCAGGGTAAACTGAGCCTGAAGTTCATCTGTACTACTGGTGATCTGCCGGTACCTTGGCCGACTCTGGTAACGACGCTGAGCTATGGTGTTCAGTGCTTTAGCCGTTATCCGGACCACATGAAGCATCAGGACTTCTTCAAGTCCGCCATGCCGGAAGGCTATGTGCAGGAACGCACGATTAGCTTTGATGATGACGGCTGCTACAAAACGCGTGCGGAAGTGAAATTTGAAGGCGATACAGTCTCGACGATAGGCTAGGTGGAGGCTCAGTG,E06,Pass,Pass,1000,Gene Fragments,pSHPs1104B344730AI
gene_52,300,343,CAACGGTCATAAGTTTTCCGTGAGCGGCGAGGGTGAAGGTGACGCAACTTATGGTGCGCTGACGCTGAAGTTCATCTGTACTACTGGTAAACTGCCGGTACCTTGGCCGAGCCTGATTACGACGCTGGCGTATGGTGTTCAGTGCTTTACCCGTTATCCGGACCACATGAAGCAGCATGACTTCTTCAAGTCCGCCATGCCGGAAGGCTATGTGCAGGAACGCACGGTGATGTTTCAGGATGACGGCAATTACAAAACGCGTGCGGAAGTGAAATTTGAAGGCGATACAGTCTCGACGAT,GAAGTGCCATTCCGCCTGACCTCAACGGTCATAAGTTTTCCGTGAGCGGCGAGGGTGAAGGTGACGCAACTTATGGTGCGCTGACGCTGAAGTTCATCTGTACTACTGGTAAACTGCCGGTACCTTGGCCGAGCCTGATTACGACGCTGGCGTATGGTGTTCAGTGCTTTACCCGTTATCCGGACCACATGAAGCAGCATGACTTCTTCAAGTCCGCCATGCCGGAAGGCTATGTGCAGGAACGCACGGTGATGTTTCAGGATGACGGCAATTACAAAACGCGTGCGGAAGTGAAATTTGAAGGCGATACAGTCTCGACGATAGGCTAGGTGGAGGCTCAGTG,E07,Pass,Pass,703,Gene Fragments,pSHPs1104B344730AI
gene_60,300,343,CAACGGTCATAAGTTTTCCGTGAGCGGCGAGGGTGAAGGTGACGCAACTTATGGTAAACTGACGCTGAAGTTCATCTGTACTACTGGTAAACTGCCGGTACCTTGGCCGACTCTGGTAACGACGTTTGGCTATGGTGTTCAGTGCTTTAGCCGTTATCCGGACCACATGAAGCGTCATGACTTCTTCAAGTCCGCCATGCCGGAAGGCTATGTGCAGGAACGCACGATTTTTTTTAAGGATGACGGCAATTACAAAACGCGTGCGGAAGTGAAATTTGAAGGCGATACAGTCTCGACGAT,GAAGTGCCATTCCGCCTGACCTCAACGGTCATAAGTTTTCCGTGAGCGGCGAGGGTGAAGGTGACGCAACTTATGGTAAACTGACGCTGAAGTTCATCTGTACTACTGGTAAACTGCCGGTACCTTGGCCGACTCTGGTAACGACGTTTGGCTATGGTGTTCAGTGCTTTAGCCGTTATCCGGACCACATGAAGCGTCATGACTTCTTCAAGTCCGCCATGCCGGAAGGCTATGTGCAGGAACGCACGATTTTTTTTAAGGATGACGGCAATTACAAAACGCGTGCGGAAGTGAAATTTGAAGGCGATACAGTCTCGACGATAGGCTAGGTGGAGGCTCAGTG,E08,Pass,Pass,1000,Gene Fragments,pSHPs1104B344730AI
gene_68,300,343,CAACGGTCATAAGTTTTCCGTGAGCGGCGAGGGTGAAGGTGACGCAACTTATGGTAAACTGACGCTGAAGTTCATCTGTACTACTGGTAAACTGCCGGTACCTTGGCCGACTCTGGTAACGACGTTTGCGTATGGTGTTCAGTGCTTTGCGCGTTATCCGGACCACATGAAGCGTCATGACTTCTTCAAGTCCGCCATGCCGGAAGGCTATGTGCAGGAACGCACGATTTTTTTTAAGGATGACGGCAATTACAAAACGCGTGCGGAAGTGAAATTTGAAGGCGATACAGTCTCGACGAT,GAAGTGCCATTCCGCCTGACCTCAACGGTCATAAGTTTTCCGTGAGCGGCGAGGGTGAAGGTGACGCAACTTATGGTAAACTGACGCTGAAGTTCATCTGTACTACTGGTAAACTGCCGGTACCTTGGCCGACTCTGGTAACGACGTTTGCGTATGGTGTTCAGTGCTTTGCGCGTTATCCGGACCACATGAAGCGTCATGACTTCTTCAAGTCCGCCATGCCGGAAGGCTATGTGCAGGAACGCACGATTTTTTTTAAGGATGACGGCAATTACAAAACGCGTGCGGAAGTGAAATTTGAAGGCGATACAGTCTCGACGATAGGCTAGGTGGAGGCTCAGTG,E09,Pass,Pass,1000,Gene Fragments,pSHPs1104B344730AI
gene_5,300,343,CAACGGTCATAAGTTTTCCGTGAGCGGCGAGGGTGATGGTGACGCAACTTATGGTAAACTGACGCTGAAGTTCATCTGTACTACTGGTAAACTGCCGGTACCTTGGCCGACTCTGGTAACGACGCTGACCTATGGTGTTCAGTGCTTTGCGCGTTATCCGGACCACATGAAGCGTCATGACTTCTTCAAGTCCGCCATGCCGGAAGGCTATGTGCAGGAACGCACGATTTTTTTTAAGGATGACGGCAATTACAAAACGCGTGCGGAAGTGAAATTTGAAGGCGATACAGTCTCGACGAT,GAAGTGCCATTCCGCCTGACCTCAACGGTCATAAGTTTTCCGTGAGCGGCGAGGGTGATGGTGACGCAACTTATGGTAAACTGACGCTGAAGTTCATCTGTACTACTGGTAAACTGCCGGTACCTTGGCCGACTCTGGTAACGACGCTGACCTATGGTGTTCAGTGCTTTGCGCGTTATCCGGACCACATGAAGCGTCATGACTTCTTCAAGTCCGCCATGCCGGAAGGCTATGTGCAGGAACGCACGATTTTTTTTAAGGATGACGGCAATTACAAAACGCGTGCGGAAGTGAAATTTGAAGGCGATACAGTCTCGACGATAGGCTAGGTGGAGGCTCAGTG,F01,Pass,Pass,1000,Gene Fragments,pSHPs1104B344730AI
gene_13,300,343,CAACGGTCATAAGTTTTCCGTGAAAGGCGAGGGTGAAGGTGACGCAACTTATGGTAAACTGACGCTGAAGTTCATCTGTACTACTGGTAAACTGCCGGTACCTTGGCCGACTCTGGTAACGACGCTGACCTATGGTGTTCAGTGCTTTAGCCGTTATCCGGACCACATGAAGCAGCATGACTTCTTCAAGTCCGCCATGCCGGAAGGCTATATTCAGGAACGCACGATTTTTTTTAAGGATGACGGCAATTACAAAACGCGTGCGGAAGTGAAATTTGAAGGCGATACAGTCTCGACGAT,GAAGTGCCATTCCGCCTGACCTCAACGGTCATAAGTTTTCCGTGAAAGGCGAGGGTGAAGGTGACGCAACTTATGGTAAACTGACGCTGAAGTTCATCTGTACTACTGGTAAACTGCCGGTACCTTGGCCGACTCTGGTAACGACGCTGACCTATGGTGTTCAGTGCTTTAGCCGTTATCCGGACCACATGAAGCAGCATGACTTCTTCAAGTCCGCCATGCCGGAAGGCTATATTCAGGAACGCACGATTTTTTTTAAGGATGACGGCAATTACAAAACGCGTGCGGAAGTGAAATTTGAAGGCGATACAGTCTCGACGATAGGCTAGGTGGAGGCTCAGTG,F02,Pass,Pass,1000,Gene Fragments,pSHPs1104B344730AI
gene_21,300,343,CAACGGTCATAAGTTTTCCGTGCAGGGCGAGGGTGAAGGTGACGCAACTTATGGTAAACTGACGCTGAAGTTCATCTGTACTACTGGTAAACTGCCGGTACCTTGGCCGACTCTGGTAACGACGCTGACCTATGGTGTTCAGTGCTTTAGCCGTTATCCGGACCACATGAAGCAGCATGACTTCTTCAAGTCCGCCATGCCGGAAGGCTATGTGCAGGAACGCACGATTTTTTTTAAGGATGACGGCAATTACAAAACGCGTGCGGAAGTGAAATTTGAAGGCGATACAGTCTCGACGAT,GAAGTGCCATTCCGCCTGACCTCAACGGTCATAAGTTTTCCGTGCAGGGCGAGGGTGAAGGTGACGCAACTTATGGTAAACTGACGCTGAAGTTCATCTGTACTACTGGTAAACTGCCGGTACCTTGGCCGACTCTGGTAACGACGCTGACCTATGGTGTTCAGTGCTTTAGCCGTTATCCGGACCACATGAAGCAGCATGACTTCTTCAAGTCCGCCATGCCGGAAGGCTATGTGCAGGAACGCACGATTTTTTTTAAGGATGACGGCAATTACAAAACGCGTGCGGAAGTGAAATTTGAAGGCGATACAGTCTCGACGATAGGCTAGGTGGAGGCTCAGTG,F03,Pass,Pass,1000,Gene Fragments,pSHPs1104B344730AI
gene_29,300,343,CAACGGTCATAAGTTTTCCGTGAGCGGCGAGGGTGAAGGTGACGCAACTTATGGTAAACTGACGATTAAGTTCGTGTGTACTACTGGTAAACTGCCGGTACCTTGGCCGACTCTGGTAACGACGCTGTGCTATGGTGTTCAGTGCTTTAGCCGTTATCCGGACCACATGAAGCAGCATGACTTCTTCAAGTCCGCCATGCCGGAAGGCTATGTGCAGGAACGCTTTATTTATTTTAAGGATGACGGCAATTACCAGACGCGTGCGGAAGTGAAATTTGAAGGCGATACAGTCTCGACGAT,GAAGTGCCATTCCGCCTGACCTCAACGGTCATAAGTTTTCCGTGAGCGGCGAGGGTGAAGGTGACGCAACTTATGGTAAACTGACGATTAAGTTCGTGTGTACTACTGGTAAACTGCCGGTACCTTGGCCGACTCTGGTAACGACGCTGTGCTATGGTGTTCAGTGCTTTAGCCGTTATCCGGACCACATGAAGCAGCATGACTTCTTCAAGTCCGCCATGCCGGAAGGCTATGTGCAGGAACGCTTTATTTATTTTAAGGATGACGGCAATTACCAGACGCGTGCGGAAGTGAAATTTGAAGGCGATACAGTCTCGACGATAGGCTAGGTGGAGGCTCAGTG,F04,Pass,Pass,1000,Gene Fragments,pSHPs1104B344730AI
gene_37,300,343,CAACGGTCATAAGTTTTCCGTGACCGGCCGTGGTGAAGGTGACGCAGCGTATGGTAAACTGACGCTGAAGTTCATCTGTACTACTGGTAAACTGCCGGTACCTTGGCCGAGCCTGGTAACGACGCTGAGCTATGGTGTTCAGTGCTTTGCGCGTTATCCGGACCACCTGAAGAAACATGACTTCTTCAAGTCCGCCATGCCGGAAGGCTATGTGCAGGAACGCACGATTCATTTTAAGGATGACGGCAATTACAAAACGCGTGCGGAAGTGAAATTTGAAGGCGATACAGTCTCGACGAT,GAAGTGCCATTCCGCCTGACCTCAACGGTCATAAGTTTTCCGTGACCGGCCGTGGTGAAGGTGACGCAGCGTATGGTAAACTGACGCTGAAGTTCATCTGTACTACTGGTAAACTGCCGGTACCTTGGCCGAGCCTGGTAACGACGCTGAGCTATGGTGTTCAGTGCTTTGCGCGTTATCCGGACCACCTGAAGAAACATGACTTCTTCAAGTCCGCCATGCCGGAAGGCTATGTGCAGGAACGCACGATTCATTTTAAGGATGACGGCAATTACAAAACGCGTGCGGAAGTGAAATTTGAAGGCGATACAGTCTCGACGATAGGCTAGGTGGAGGCTCAGTG,F05,Pass,Pass,1000,Gene Fragments,pSHPs1104B344730AI
gene_45,300,343,CAACGGTCATAAGTTTTCCGTGAGCGGCGAGGGTGAAGGTGACGCAACTTATGGTAAAATTACGCTGAAGTTCATCTGTACTACTGGTCAGCTGCCGGTACCTTGGCCGACTCTGGTAACGACGCTGGCGTATGGTGTTCAGTGCTTTAGCCGTTATCCGGACCACATGAAGAAACATGACTATTTCAAGTCCGCCATGCCGGAAGGCTATGTGCAGGAACGCATGATTTATTTTAAGGATGACGGCAATTACCGTACGCGTGCGGAAGTGAAATTTGAAGGCGATACAGTCTCGACGAT,GAAGTGCCATTCCGCCTGACCTCAACGGTCATAAGTTTTCCGTGAGCGGCGAGGGTGAAGGTGACGCAACTTATGGTAAAATTACGCTGAAGTTCATCTGTACTACTGGTCAGCTGCCGGTACCTTGGCCGACTCTGGTAACGACGCTGGCGTATGGTGTTCAGTGCTTTAGCCGTTATCCGGACCACATGAAGAAACATGACTATTTCAAGTCCGCCATGCCGGAAGGCTATGTGCAGGAACGCATGATTTATTTTAAGGATGACGGCAATTACCGTACGCGTGCGGAAGTGAAATTTGAAGGCGATACAGTCTCGACGATAGGCTAGGTGGAGGCTCAGTG,F06,Pass,Pass,1000,Gene Fragments,pSHPs1104B344730AI
gene_53,300,343,CAACGGTCATAAGTTTTCCGTGAGCGGCGAGGGTGAAGGTGACGCAACTTATGGTGCGCTGACGCTGAAGTTCATCTGTACTACTGGTAAACTGCCGGTACCTTGGCCGAGCCTGGTAACGACGCTGAGCTATGGTGTTCAGTGCTTTGCGCGTTATCCGGACCACATGAAGCGTCATGACTTCTTCAAGTCCGCCATGCCGGAAGGCTATGTGCAGGAACGCACGGTGTATTTTAAGGATGACGGCACCTTTAAAACGAAAGCGGAAGTGAAATTTGAAGGCGATACAGTCTCGACGAT,GAAGTGCCATTCCGCCTGACCTCAACGGTCATAAGTTTTCCGTGAGCGGCGAGGGTGAAGGTGACGCAACTTATGGTGCGCTGACGCTGAAGTTCATCTGTACTACTGGTAAACTGCCGGTACCTTGGCCGAGCCTGGTAACGACGCTGAGCTATGGTGTTCAGTGCTTTGCGCGTTATCCGGACCACATGAAGCGTCATGACTTCTTCAAGTCCGCCATGCCGGAAGGCTATGTGCAGGAACGCACGGTGTATTTTAAGGATGACGGCACCTTTAAAACGAAAGCGGAAGTGAAATTTGAAGGCGATACAGTCTCGACGATAGGCTAGGTGGAGGCTCAGTG,F07,Pass,Pass,1000,Gene Fragments,pSHPs1104B344730AI
gene_61,300,343,CAACGGTCATAAGTTTTCCGTGAGCGGCGAGGGTGAAGGTGACGCAACTTATGGTAAACTGACGCTGAAGTTCATCTGTACTACTGGTAAACTGCCGGTACCTTGGCCGACTCTGGTAACGACGTTTACCTATGGTGTTCAGTGCTTTGCGCGTTATCCGGACCACATGAAGCGTCATGACTTCTTCAAGTCCGCCATGCCGGAAGGCTATGTGCAGGAACGCACGATTTTTTTTAAGGATGACGGCAATTACAAAACGCGTGCGGAAGTGAAATTTGAAGGCGATACAGTCTCGACGAT,GAAGTGCCATTCCGCCTGACCTCAACGGTCATAAGTTTTCCGTGAGCGGCGAGGGTGAAGGTGACGCAACTTATGGTAAACTGACGCTGAAGTTCATCTGTACTACTGGTAAACTGCCGGTACCTTGGCCGACTCTGGTAACGACGTTTACCTATGGTGTTCAGTGCTTTGCGCGTTATCCGGACCACATGAAGCGTCATGACTTCTTCAAGTCCGCCATGCCGGAAGGCTATGTGCAGGAACGCACGATTTTTTTTAAGGATGACGGCAATTACAAAACGCGTGCGGAAGTGAAATTTGAAGGCGATACAGTCTCGACGATAGGCTAGGTGGAGGCTCAGTG,F08,Pass,Pass,1000,Gene Fragments,pSHPs1104B344730AI
gene_69,300,343,CAACGGTCATAAGTTTTCCGTGAGCGGCGAGGGTGAAGGTGACGCAACTTATGGTAAACTGACGCTGAAGTTCATCTGTACTACTGGTAAACTGCCGGTACCTTGGCCGACTCTGGTAACGACGTTTGGCTATGGTCTGCAGTGCTTTGCGCGTTATCCGGACCACATGAAGCGTCATGACTTCTTCAAGTCCGCCATGCCGGAAGGCTATGTGCAGGAACGCACGATTTTTTTTAAGGATGACGGCAATTACAAAACGCGTGCGGAAGTGAAATTTGAAGGCGATACAGTCTCGACGAT,GAAGTGCCATTCCGCCTGACCTCAACGGTCATAAGTTTTCCGTGAGCGGCGAGGGTGAAGGTGACGCAACTTATGGTAAACTGACGCTGAAGTTCATCTGTACTACTGGTAAACTGCCGGTACCTTGGCCGACTCTGGTAACGACGTTTGGCTATGGTCTGCAGTGCTTTGCGCGTTATCCGGACCACATGAAGCGTCATGACTTCTTCAAGTCCGCCATGCCGGAAGGCTATGTGCAGGAACGCACGATTTTTTTTAAGGATGACGGCAATTACAAAACGCGTGCGGAAGTGAAATTTGAAGGCGATACAGTCTCGACGATAGGCTAGGTGGAGGCTCAGTG,F09,Pass,Pass,1000,Gene Fragments,pSHPs1104B344730AI
gene_6,300,343,CAACGGTCATAAGTTTTCCGTGAGCGGCGAGGGTATTGGTGACGCAACTTATGGTAAACTGACGCTGAAGTTCATCTGTACTACTGGTAAACTGCCGGTACCTTGGCCGACTCTGGTAACGACGCTGTGCTATGGTGTTCAGTGCTTTAGCCGTTATCCGGACCACATGAAGAGCCATGACTTCTTCAAGTCCGCCATGCCGGAAGGCTATGTGCAGGAACGCACGATTTTTTTTAAGGATGACGGCAATTACAAAACGCGTGCGGAAGTGAAATTTGAAGGCGATACAGTCTCGACGAT,GAAGTGCCATTCCGCCTGACCTCAACGGTCATAAGTTTTCCGTGAGCGGCGAGGGTATTGGTGACGCAACTTATGGTAAACTGACGCTGAAGTTCATCTGTACTACTGGTAAACTGCCGGTACCTTGGCCGACTCTGGTAACGACGCTGTGCTATGGTGTTCAGTGCTTTAGCCGTTATCCGGACCACATGAAGAGCCATGACTTCTTCAAGTCCGCCATGCCGGAAGGCTATGTGCAGGAACGCACGATTTTTTTTAAGGATGACGGCAATTACAAAACGCGTGCGGAAGTGAAATTTGAAGGCGATACAGTCTCGACGATAGGCTAGGTGGAGGCTCAGTG,G01,Pass,Pass,1000,Gene Fragments,pSHPs1104B344730AI
gene_14,300,343,CAACGGTCATAAGTTTTCCGTGAGCGGCGAGGGTGAAGGTGACGCAACTCTGGGTAAACTGACGCTGAAGTTCATCTGTACTACTGGTAAACTGCCGGTACCTTGGCCGACTCTGATTACGAGCCTGGCGTATGGTGTTCAGTGCTTTGCGCGTTATCCGGACCACATGAAGCGTCATGACTTCTTCAAGTCCGCCATGCCGGAAGGCTATGTGCAGGAACGCACGATTTTTTTTAAGGATGACGGCAATTACAAAACGCGTGCGGAAGTGAAATTTGAAGGCGATACAGTCTCGACGAT,GAAGTGCCATTCCGCCTGACCTCAACGGTCATAAGTTTTCCGTGAGCGGCGAGGGTGAAGGTGACGCAACTCTGGGTAAACTGACGCTGAAGTTCATCTGTACTACTGGTAAACTGCCGGTACCTTGGCCGACTCTGATTACGAGCCTGGCGTATGGTGTTCAGTGCTTTGCGCGTTATCCGGACCACATGAAGCGTCATGACTTCTTCAAGTCCGCCATGCCGGAAGGCTATGTGCAGGAACGCACGATTTTTTTTAAGGATGACGGCAATTACAAAACGCGTGCGGAAGTGAAATTTGAAGGCGATACAGTCTCGACGATAGGCTAGGTGGAGGCTCAGTG,G02,Pass,Pass,1000,Gene Fragments,pSHPs1104B344730AI
gene_22,300,343,CAACGGTCATAAGTTTTCCGTGAGCGGCGAGGGTGAAGGTGACGCAACTTATGGTAAACTGACGCTGAAGTTCATCTGTACTACTGGTGATCTGCCGGTACCTTGGCCGACTCTGGTAACGAGCCTGACCTATGGTGTTCAGTGCTTTAGCCGTTATCCGGACCACATGAAGCAGCATGACTTCTTCAAGTCCGCCATGCCGGAAGGCTATGTGCAGGAACGCACGATTTTTTTTAAGGATGACGGCAATTACAAAACGCGTGCGGAAGTGAAATTTGAAGGCGATACAGTCTCGACGAT,GAAGTGCCATTCCGCCTGACCTCAACGGTCATAAGTTTTCCGTGAGCGGCGAGGGTGAAGGTGACGCAACTTATGGTAAACTGACGCTGAAGTTCATCTGTACTACTGGTGATCTGCCGGTACCTTGGCCGACTCTGGTAACGAGCCTGACCTATGGTGTTCAGTGCTTTAGCCGTTATCCGGACCACATGAAGCAGCATGACTTCTTCAAGTCCGCCATGCCGGAAGGCTATGTGCAGGAACGCACGATTTTTTTTAAGGATGACGGCAATTACAAAACGCGTGCGGAAGTGAAATTTGAAGGCGATACAGTCTCGACGATAGGCTAGGTGGAGGCTCAGTG,G03,Pass,Pass,1000,Gene Fragments,pSHPs1104B344730AI
gene_30,300,343,CAACGGTCATAAGTTTTCCGTGAGCGGCGAGGGTGAAGGTGACGCAACTATGGGTAAACTGACGCTGAAGTTCATCTGTACTAGCGGTAAACTGCCGGTACCTTGGCCGACTCTGGTAACGACGCTGACCTATGGTGTTCAGTGCTTTAGCCGTTATCCGGACCACATGAAGCAGCATGACTGGTTCAAGTCCGCCATGCCGGAAGGCTATATGCAGGAACGCACGATTTTTTTTAAGGATGACGGCAATTACCAGACGCGTGCGGAAGTGAAATTTGAAGGCGATACAGTCTCGACGAT,GAAGTGCCATTCCGCCTGACCTCAACGGTCATAAGTTTTCCGTGAGCGGCGAGGGTGAAGGTGACGCAACTATGGGTAAACTGACGCTGAAGTTCATCTGTACTAGCGGTAAACTGCCGGTACCTTGGCCGACTCTGGTAACGACGCTGACCTATGGTGTTCAGTGCTTTAGCCGTTATCCGGACCACATGAAGCAGCATGACTGGTTCAAGTCCGCCATGCCGGAAGGCTATATGCAGGAACGCACGATTTTTTTTAAGGATGACGGCAATTACCAGACGCGTGCGGAAGTGAAATTTGAAGGCGATACAGTCTCGACGATAGGCTAGGTGGAGGCTCAGTG,G04,Pass,Pass,975,Gene Fragments,pSHPs1104B344730AI
gene_38,300,343,CAACGGTCATAAGTTTTCCGTGAGCGGCAAAGGTGAAGGTGACGCAACTTATGGTAAACTGACGCTGAAGTTCATCTGTACTACTGGTAAACTGCCGGTACCTTGGCCGACTCTGGTAACGACGCTGGCGTATGGTATGACCTGCTTTACCCGTTATCCGGACAATATGAAGCAGCATGACTTCTTCAAGTCCGCCATGCCGGAAGGCTATATTCAGGAACGCACGATTATGTTTAAGGATGACGGCAATTACAAAACGCGTGCGGAAGTGAAATTTGAAGGCGATACAGTCTCGACGAT,GAAGTGCCATTCCGCCTGACCTCAACGGTCATAAGTTTTCCGTGAGCGGCAAAGGTGAAGGTGACGCAACTTATGGTAAACTGACGCTGAAGTTCATCTGTACTACTGGTAAACTGCCGGTACCTTGGCCGACTCTGGTAACGACGCTGGCGTATGGTATGACCTGCTTTACCCGTTATCCGGACAATATGAAGCAGCATGACTTCTTCAAGTCCGCCATGCCGGAAGGCTATATTCAGGAACGCACGATTATGTTTAAGGATGACGGCAATTACAAAACGCGTGCGGAAGTGAAATTTGAAGGCGATACAGTCTCGACGATAGGCTAGGTGGAGGCTCAGTG,G05,Pass,Pass,1000,Gene Fragments,pSHPs1104B344730AI
gene_46,300,343,CAACGGTCATAAGTTTTCCGTGAGCGGCGAGGGTGAAGGTGACGCAACTTATGGTAAAATTACGCTGAAGTTCATCTGTAGCACTGGTAAACTGCCGATTCCTTGGCCGACTCTGGTAAGCACGCTGAGCTATGGTGTTATGTGCTTTACCCGTTATCCGGACCACATGAAGCGTCATGACTTCTTCAAGTCCGCCATGCCGGAAGGCTATGTGCAGGAACGCACGATTATGTTTAAGGATGACGGCAATTACAAAACGCGTGCGGAAGTGAAATTTGAAGGCGATACAGTCTCGACGAT,GAAGTGCCATTCCGCCTGACCTCAACGGTCATAAGTTTTCCGTGAGCGGCGAGGGTGAAGGTGACGCAACTTATGGTAAAATTACGCTGAAGTTCATCTGTAGCACTGGTAAACTGCCGATTCCTTGGCCGACTCTGGTAAGCACGCTGAGCTATGGTGTTATGTGCTTTACCCGTTATCCGGACCACATGAAGCGTCATGACTTCTTCAAGTCCGCCATGCCGGAAGGCTATGTGCAGGAACGCACGATTATGTTTAAGGATGACGGCAATTACAAAACGCGTGCGGAAGTGAAATTTGAAGGCGATACAGTCTCGACGATAGGCTAGGTGGAGGCTCAGTG,G06,Pass,Pass,1000,Gene Fragments,pSHPs1104B344730AI
gene_54,300,343,CAACGGTCATAAGTTTTCCGTGAGCGGCGAGGGTGAAGGTGACGCAACTTATGGTGCGCTGACGCTGAAGTTCATCTGTACTAGCGGTGCGCTGCCGGTACCTTGGCCGACTCTGGTAACGACGCTGGTGTATGGTGTTCAGTGCTTTGCGCGTTATCCGGACCACATGAAGCAGCATGACTTCTTCAAGTCCGCCATGCCGGAAGGCTATGTGCAGCAGCGCACGATTTATTTTCATGATGACGGCAATTTTCAGACGCGTGCGGAAGTGAAATTTGAAGGCGATACAGTCTCGACGAT,GAAGTGCCATTCCGCCTGACCTCAACGGTCATAAGTTTTCCGTGAGCGGCGAGGGTGAAGGTGACGCAACTTATGGTGCGCTGACGCTGAAGTTCATCTGTACTAGCGGTGCGCTGCCGGTACCTTGGCCGACTCTGGTAACGACGCTGGTGTATGGTGTTCAGTGCTTTGCGCGTTATCCGGACCACATGAAGCAGCATGACTTCTTCAAGTCCGCCATGCCGGAAGGCTATGTGCAGCAGCGCACGATTTATTTTCATGATGACGGCAATTTTCAGACGCGTGCGGAAGTGAAATTTGAAGGCGATACAGTCTCGACGATAGGCTAGGTGGAGGCTCAGTG,G07,Pass,Pass,1000,Gene Fragments,pSHPs1104B344730AI
gene_62,300,343,CAACGGTCATAAGTTTTCCGTGAGCGGCGAGGGTGAAGGTGACGCAACTTATGGTAAACTGACGCTGAAGTTCATCTGTACTACTGGTAAACTGCCGGTACCTTGGCCGACTCTGGTAACGACGTTTGGCTATGGTGTTCAGTGCTTTGCGCGTTATCCGGACCACATGAAGCGTCATGACTTCTTCAAGTCCGCCATGCCGGAAGGCTATGTGCAGGAACGCACGATTTTTTTTAAGGATGACGGCAATTACAAAACGCGTGCGGAAGTGAAATTTGAAGGCGATACAGTCTCGACGAT,GAAGTGCCATTCCGCCTGACCTCAACGGTCATAAGTTTTCCGTGAGCGGCGAGGGTGAAGGTGACGCAACTTATGGTAAACTGACGCTGAAGTTCATCTGTACTACTGGTAAACTGCCGGTACCTTGGCCGACTCTGGTAACGACGTTTGGCTATGGTGTTCAGTGCTTTGCGCGTTATCCGGACCACATGAAGCGTCATGACTTCTTCAAGTCCGCCATGCCGGAAGGCTATGTGCAGGAACGCACGATTTTTTTTAAGGATGACGGCAATTACAAAACGCGTGCGGAAGTGAAATTTGAAGGCGATACAGTCTCGACGATAGGCTAGGTGGAGGCTCAGTG,G08,Pass,Pass,1000,Gene Fragments,pSHPs1104B344730AI
gene_70,300,343,CAACGGTCATAAGTTTTCCGTGAGCGGCGAGGGTGAAGGTGACGCAACTTATGGTAAACTGACGCTGAAGTTCATCTGTACTACTGGTAAACTGCCGGTACCTTGGCCGACTCTGGTAACGACGTTTACCTATGGTGTTCAGTGCTTTAGCCGTTATCCGGACCACATGAAGCGTCATGACTTCTTCAAGTCCGCCATGCCGGAAGGCTATGTGCAGGAACGCACGATTTTTTTTAAGGATGACGGCAATTACAAAACGCGTGCGGAAGTGAAATTTGAAGGCGATACAGTCTCGACGAT,GAAGTGCCATTCCGCCTGACCTCAACGGTCATAAGTTTTCCGTGAGCGGCGAGGGTGAAGGTGACGCAACTTATGGTAAACTGACGCTGAAGTTCATCTGTACTACTGGTAAACTGCCGGTACCTTGGCCGACTCTGGTAACGACGTTTACCTATGGTGTTCAGTGCTTTAGCCGTTATCCGGACCACATGAAGCGTCATGACTTCTTCAAGTCCGCCATGCCGGAAGGCTATGTGCAGGAACGCACGATTTTTTTTAAGGATGACGGCAATTACAAAACGCGTGCGGAAGTGAAATTTGAAGGCGATACAGTCTCGACGATAGGCTAGGTGGAGGCTCAGTG,G09,Pass,Pass,1000,Gene Fragments,pSHPs1104B344730AI
gene_7,300,343,CAACGGTCATAAGTTTTCCGTGAGCGGCGAGGGTGAAGGTGACGCAACTTATGGTAAACTGCAGCTGAAGTTCATCTGTACTACTGGTAAACTGCCGGTACCTTGGCCGACTCTGGTAACGACGCTGACCTATGGTGTTCAGTGCTTTAGCCGTTATCCGGACCACATGAAGAAACATGACTTCTTCAAGTCCGCCATGCCGGAAGGCTATGTGCAGGAACGCACGATTTTTTTTAAGGATGACGGCAATTACAAAACGCGTGCGGAAGTGAAATTTGAAGGCGATACAGTCTCGACGAT,GAAGTGCCATTCCGCCTGACCTCAACGGTCATAAGTTTTCCGTGAGCGGCGAGGGTGAAGGTGACGCAACTTATGGTAAACTGCAGCTGAAGTTCATCTGTACTACTGGTAAACTGCCGGTACCTTGGCCGACTCTGGTAACGACGCTGACCTATGGTGTTCAGTGCTTTAGCCGTTATCCGGACCACATGAAGAAACATGACTTCTTCAAGTCCGCCATGCCGGAAGGCTATGTGCAGGAACGCACGATTTTTTTTAAGGATGACGGCAATTACAAAACGCGTGCGGAAGTGAAATTTGAAGGCGATACAGTCTCGACGATAGGCTAGGTGGAGGCTCAGTG,H01,Pass,Pass,1000,Gene Fragments,pSHPs1104B344730AI
gene_15,300,343,CAACGGTCATAAGTTTTCCGTGAGCGGCGAGGGTGAAGGTGACGCAACTTATGGTAAACTGACGCTGAAGTTCATCTGTACTACTGGTAAACTGCCGGTACCTTGGCCGACTCTGGTAACGACGCTGACCTATGGTGTTCAGTGCTTTAGCCGTTATCCGGACCACATGAAGCAGCATGACTTCTTCAAGTCCGCCATGCCGGAAGGCTATGTGCAGGAACGCACGATTTTTTTTAAGGATGACGGCAATTACAAAACGCGTGCGGAAGTGAAATTTGAAGGCGATACAGTCTCGACGAT,GAAGTGCCATTCCGCCTGACCTCAACGGTCATAAGTTTTCCGTGAGCGGCGAGGGTGAAGGTGACGCAACTTATGGTAAACTGACGCTGAAGTTCATCTGTACTACTGGTAAACTGCCGGTACCTTGGCCGACTCTGGTAACGACGCTGACCTATGGTGTTCAGTGCTTTAGCCGTTATCCGGACCACATGAAGCAGCATGACTTCTTCAAGTCCGCCATGCCGGAAGGCTATGTGCAGGAACGCACGATTTTTTTTAAGGATGACGGCAATTACAAAACGCGTGCGGAAGTGAAATTTGAAGGCGATACAGTCTCGACGATAGGCTAGGTGGAGGCTCAGTG,H02,Pass,Pass,1000,Gene Fragments,pSHPs1104B344730AI
gene_23,300,343,CAACGGTCATAAGTTTTCCGTGAGCGGCGAGGGTGAAGGTGACGCAACTTATGGTAAACTGATGCTGAAGTTCATCTGTACTACTGGTGCGCTGCCGGTACCTTGGCCGACTCTGGTAACGACGCTGTGCTATGGTGTTCAGTGCTTTAGCCGTTATCCGGACCACATGAAGCAGCATGACTTCTTCAAGTCCGCCATGCCGGAAGGCTATGTGCAGGAACGCATTATTTTTTTTAAGGATGACGGCCAGTACAAAACGCGTGCGGAAGTGAAATTTGAAGGCGATACAGTCTCGACGAT,GAAGTGCCATTCCGCCTGACCTCAACGGTCATAAGTTTTCCGTGAGCGGCGAGGGTGAAGGTGACGCAACTTATGGTAAACTGATGCTGAAGTTCATCTGTACTACTGGTGCGCTGCCGGTACCTTGGCCGACTCTGGTAACGACGCTGTGCTATGGTGTTCAGTGCTTTAGCCGTTATCCGGACCACATGAAGCAGCATGACTTCTTCAAGTCCGCCATGCCGGAAGGCTATGTGCAGGAACGCATTATTTTTTTTAAGGATGACGGCCAGTACAAAACGCGTGCGGAAGTGAAATTTGAAGGCGATACAGTCTCGACGATAGGCTAGGTGGAGGCTCAGTG,H03,Pass,Pass,970,Gene Fragments,pSHPs1104B344730AI
gene_31,300,343,CAACGGTCATAAGTTTTCCGTGAGCGGCGAGGGTCAGGGTGACGCAACTTATGGTAAAATTAATATGAAGTTCATCTGTACTACTGGTAAACTGCCGGTACCTTGGCCGACTCTGGTAACGACGCTGGCGTATGGTGTTCAGTGCTTTAGCCGTTATCCGGACCACATGAAGCAGCATGACTTCTATAAGTCCGCCATGCCGGAAGGCTATGTGCAGGAACGCACGATTTATTTTCAGGATGACGGCCATTACAAAACGCGTGCGGAAGTGAAATTTGAAGGCGATACAGTCTCGACGAT,GAAGTGCCATTCCGCCTGACCTCAACGGTCATAAGTTTTCCGTGAGCGGCGAGGGTCAGGGTGACGCAACTTATGGTAAAATTAATATGAAGTTCATCTGTACTACTGGTAAACTGCCGGTACCTTGGCCGACTCTGGTAACGACGCTGGCGTATGGTGTTCAGTGCTTTAGCCGTTATCCGGACCACATGAAGCAGCATGACTTCTATAAGTCCGCCATGCCGGAAGGCTATGTGCAGGAACGCACGATTTATTTTCAGGATGACGGCCATTACAAAACGCGTGCGGAAGTGAAATTTGAAGGCGATACAGTCTCGACGATAGGCTAGGTGGAGGCTCAGTG,H04,Pass,Pass,976,Gene Fragments,pSHPs1104B344730AI
gene_39,300,343,CAACGGTCATAAGTTTTCCGTGAGCGGCATGGGTGAAGGTGACGCAACTTATGGTAAAATGACGCTGAAGTTCATCTGTACTACTGGTAAACTGCCGGTACCTTGGCCGACTCTGGTAACGACGCTGGGCTATGGTGTTGCGTGCTTTAGCCGTTATCCGGACCACATGAAGCAGCATGACTTCTTCAAGTCCGCCATGCCGGAAGGCTATGTGCAGGAACGCGTGATTTATTTTCGTGATGACGGCAATTACCAGACGCGTGCGGAAGTGAAATTTGAAGGCGATACAGTCTCGACGAT,GAAGTGCCATTCCGCCTGACCTCAACGGTCATAAGTTTTCCGTGAGCGGCATGGGTGAAGGTGACGCAACTTATGGTAAAATGACGCTGAAGTTCATCTGTACTACTGGTAAACTGCCGGTACCTTGGCCGACTCTGGTAACGACGCTGGGCTATGGTGTTGCGTGCTTTAGCCGTTATCCGGACCACATGAAGCAGCATGACTTCTTCAAGTCCGCCATGCCGGAAGGCTATGTGCAGGAACGCGTGATTTATTTTCGTGATGACGGCAATTACCAGACGCGTGCGGAAGTGAAATTTGAAGGCGATACAGTCTCGACGATAGGCTAGGTGGAGGCTCAGTG,H05,Pass,Pass,1000,Gene Fragments,pSHPs1104B344730AI
gene_47,300,343,CAACGGTCATAAGTTTTCCGTGAGCGGCGAGGGTGAAGGTGACGCAACTTATGGTAAACTGAATCTGAAGTTCATCTGTACTACTGGTAAAATGCCGGTACCTTGGCCGACTCTGGTAAGCACGCTGGCGTATGGTATGCAGTGCTTTAGCCGTTATCCGGACCACCTGAAGCAGCATGACTTCTTCAAGGGCGCCATGCCGGAAGGCTATGTGCAGAAACGCACGATTTATTTTCGTGATGACGGCCGTTACAAAACGCGTGCGGAAGTGAAATTTGAAGGCGATACAGTCTCGACGAT,GAAGTGCCATTCCGCCTGACCTCAACGGTCATAAGTTTTCCGTGAGCGGCGAGGGTGAAGGTGACGCAACTTATGGTAAACTGAATCTGAAGTTCATCTGTACTACTGGTAAAATGCCGGTACCTTGGCCGACTCTGGTAAGCACGCTGGCGTATGGTATGCAGTGCTTTAGCCGTTATCCGGACCACCTGAAGCAGCATGACTTCTTCAAGGGCGCCATGCCGGAAGGCTATGTGCAGAAACGCACGATTTATTTTCGTGATGACGGCCGTTACAAAACGCGTGCGGAAGTGAAATTTGAAGGCGATACAGTCTCGACGATAGGCTAGGTGGAGGCTCAGTG,H06,Pass,Pass,1000,Gene Fragments,pSHPs1104B344730AI
gene_55,300,343,CAACGGTCATAAGTTTTCCGTGAGCGGCGAGGGTGAAGGTGACGCAACTTTTGGTAAACTGACGCTGAAGTTCATCTGTACTACTGGTAAACTGCCGGTACCTTGGCCGACTCTGGTAACGACGCTGAGCTATGGTGTTAAATGCTTTACCCGTTATCCGGACCACATGAAGAAACATGACTTCTTCAAGTCCGCCATGCCGGAAGGCTATGTGCAGGAACGCATGATTTATTTTCGTGAAGACGGCCATTACCGTACGCGTGCGGAAGTGAAATTTGAAGGCGATACAGTCTCGACGAT,GAAGTGCCATTCCGCCTGACCTCAACGGTCATAAGTTTTCCGTGAGCGGCGAGGGTGAAGGTGACGCAACTTTTGGTAAACTGACGCTGAAGTTCATCTGTACTACTGGTAAACTGCCGGTACCTTGGCCGACTCTGGTAACGACGCTGAGCTATGGTGTTAAATGCTTTACCCGTTATCCGGACCACATGAAGAAACATGACTTCTTCAAGTCCGCCATGCCGGAAGGCTATGTGCAGGAACGCATGATTTATTTTCGTGAAGACGGCCATTACCGTACGCGTGCGGAAGTGAAATTTGAAGGCGATACAGTCTCGACGATAGGCTAGGTGGAGGCTCAGTG,H07,Pass,Pass,1000,Gene Fragments,pSHPs1104B344730AI
gene_63,300,343,CAACGGTCATAAGTTTTCCGTGAGCGGCGAGGGTGAAGGTGACGCAACTTATGGTAAACTGACGCTGAAGTTCATCTGTACTACTGGTAAACTGCCGGTACCTTGGCCGACTCTGGTAACGACGTTTAGCTATGGTGTTCAGTGCTTTGCGCGTTATCCGGACCACATGAAGCGTCATGACTTCTTCAAGTCCGCCATGCCGGAAGGCTATGTGCAGGAACGCACGATTTTTTTTAAGGATGACGGCAATTACAAAACGCGTGCGGAAGTGAAATTTGAAGGCGATACAGTCTCGACGAT,GAAGTGCCATTCCGCCTGACCTCAACGGTCATAAGTTTTCCGTGAGCGGCGAGGGTGAAGGTGACGCAACTTATGGTAAACTGACGCTGAAGTTCATCTGTACTACTGGTAAACTGCCGGTACCTTGGCCGACTCTGGTAACGACGTTTAGCTATGGTGTTCAGTGCTTTGCGCGTTATCCGGACCACATGAAGCGTCATGACTTCTTCAAGTCCGCCATGCCGGAAGGCTATGTGCAGGAACGCACGATTTTTTTTAAGGATGACGGCAATTACAAAACGCGTGCGGAAGTGAAATTTGAAGGCGATACAGTCTCGACGATAGGCTAGGTGGAGGCTCAGTG,H08,Pass,Pass,1000,Gene Fragments,pSHPs1104B344730AI
gene_71,300,343,CAACGGTCATAAGTTTTCCGTGAGCGGCGAGGGTGAAGGTGACGCAACTTATGGTAAACTGACGCTGAAGTTCATCTGTACTACTGGTAAACTGCCGGTACCTTGGCCGACTCTGGTAACGACGCTGAGCTATGGTGTTCAGTGCTTTGCGCGTTATCCGGACCACATGAAGCAGCATGACTTCTTCAAGTCCGCCATGCCGGAAGGCTATGTGCAGGAACGCACGATTTTTTTTAAGGATGACGGCAATTACAAAACGCGTGCGGAAGTGAAATTTGAAGGCGATACAGTCTCGACGAT,GAAGTGCCATTCCGCCTGACCTCAACGGTCATAAGTTTTCCGTGAGCGGCGAGGGTGAAGGTGACGCAACTTATGGTAAACTGACGCTGAAGTTCATCTGTACTACTGGTAAACTGCCGGTACCTTGGCCGACTCTGGTAACGACGCTGAGCTATGGTGTTCAGTGCTTTGCGCGTTATCCGGACCACATGAAGCAGCATGACTTCTTCAAGTCCGCCATGCCGGAAGGCTATGTGCAGGAACGCACGATTTTTTTTAAGGATGACGGCAATTACAAAACGCGTGCGGAAGTGAAATTTGAAGGCGATACAGTCTCGACGATAGGCTAGGTGGAGGCTCAGTG,H09,Pass,Pass,1000,Gene Fragments,pSHPs1104B344730AI
